,Students age,Gender,Relationship status,Type of University,Father's education,Mother's education,Father's Occupation,Mother's Occupation,Family Income(monthly),Number of Siblings,Parental status,Previous School Location,Previous College Location,SSC result,HSC result,Scholarship in SSC,Scholarship in HSC,Accommodation,Weekly Study Time at home,Reading Scientific books/articles/journals,Reading Non-Scientific books/articles/journals,Attendance in class,Mid-Term Exam Preparation,Taking Exam Preparation,Taking Class Note,Any Co-curricular activity,Attend any Seminar related to department,Any part-time job,Smoking,Sports/ Exercise,Undergraduate 1st semester result (CGPA/GPA out of 4)
0,2,1,1,0,4,4,0,0,4,2,0,0,1,3,3,1,1,1,4,0,1,2,1,2,2,1,1,1,0,1,7
1,1,0,0,0,3,3,3,4,3,1,0,1,2,3,3,1,0,1,1,1,1,2,1,1,1,1,1,3,0,1,6
2,1,0,0,0,1,1,4,4,1,2,0,2,2,3,2,0,0,0,2,0,0,2,1,1,1,0,0,1,0,1,5
3,2,0,1,0,3,2,4,4,1,1,0,1,1,3,3,1,0,1,2,1,1,2,0,1,0,0,0,0,0,1,4
4,1,0,0,1,2,1,3,4,1,2,0,2,2,3,3,1,0,2,1,1,1,2,2,1,2,1,1,0,0,1,7
5,1,0,0,0,4,2,2,4,1,3,0,1,1,3,3,1,0,2,0,1,1,1,1,2,2,1,1,2,1,1,1
6,2,0,0,0,3,3,0,4,2,1,0,1,2,3,3,1,0,0,1,1,1,1,2,1,1,0,0,1,1,1,7
7,1,1,1,0,3,3,0,3,4,1,0,1,1,3,2,1,0,1,3,1,1,2,1,2,2,1,1,0,0,1,7
8,3,0,0,0,3,1,3,4,1,1,1,1,1,3,3,0,0,2,3,1,1,2,1,2,2,1,1,1,0,1,6
9,2,0,0,0,3,2,2,4,2,1,0,1,1,3,3,1,0,1,1,1,0,2,2,2,2,1,1,0,0,1,5
10,1,1,0,0,3,4,2,3,2,1,2,1,1,3,2,0,0,0,2,1,1,1,2,1,1,1,1,1,0,1,6
11,2,0,0,1,3,4,1,4,0,0,0,2,2,3,2,0,0,1,0,0,0,2,1,1,2,0,1,2,1,1,7
12,2,0,0,2,3,0,1,4,0,1,0,2,2,3,2,0,0,1,0,1,1,2,0,1,1,0,1,2,1,1,3
13,2,0,0,0,4,2,4,4,0,1,0,1,1,3,2,0,0,0,1,0,1,1,1,1,1,0,0,1,1,1,4
14,2,1,0,1,3,2,3,4,4,0,0,1,1,3,3,0,0,0,3,0,1,2,1,2,2,0,0,0,0,1,4
15,2,0,0,0,1,0,0,4,0,1,0,0,0,2,1,0,0,2,1,1,1,1,2,1,1,1,1,1,0,1,3
16,1,1,0,0,2,1,2,4,1,1,0,0,1,3,3,1,0,2,1,0,0,2,1,2,2,0,0,3,0,0,5
17,2,0,1,0,3,2,2,4,1,3,0,1,1,3,3,0,0,1,2,1,1,2,0,1,2,1,1,2,1,2,7
18,2,1,0,0,4,1,3,4,2,1,0,1,1,3,3,0,0,1,1,1,0,1,1,1,1,1,1,3,0,1,4
19,1,0,0,0,3,3,3,4,1,0,0,2,2,3,1,0,0,1,1,1,1,1,1,1,1,1,1,2,1,2,3
20,2,0,1,1,2,2,3,4,4,3,0,2,2,3,2,0,0,0,3,0,0,2,1,2,2,1,0,3,1,1,6
21,1,1,0,0,3,2,3,4,0,1,0,0,2,3,1,0,0,2,1,0,1,1,1,1,1,1,1,0,0,0,5
22,1,1,2,2,4,4,3,3,3,2,0,2,2,2,2,1,1,0,0,1,0,0,1,2,2,1,1,3,0,1,4
23,2,0,1,0,3,2,3,4,2,2,0,1,1,3,2,0,0,1,0,0,1,0,0,1,1,1,0,0,1,0,4
24,2,0,0,2,1,1,2,4,1,0,0,2,2,3,2,1,0,0,2,0,0,0,1,1,0,1,1,2,1,1,6
25,1,0,1,0,1,0,1,4,0,2,0,1,2,3,3,1,0,1,1,1,0,2,0,1,0,0,1,1,0,1,7
26,2,0,1,0,3,3,3,4,3,1,0,1,1,3,3,0,0,1,1,1,0,2,1,1,1,1,1,1,1,2,7
27,2,0,0,1,3,2,3,4,2,1,0,2,2,3,2,0,0,2,0,0,0,0,1,1,0,0,0,0,0,2,4
28,1,0,0,1,3,2,3,4,0,3,0,2,2,3,2,1,1,1,0,1,1,1,2,2,1,1,1,3,1,1,4
29,1,0,0,1,3,2,3,4,4,2,0,1,1,3,3,0,0,0,1,0,0,2,1,2,2,0,1,0,0,2,7
30,2,0,0,0,3,2,3,4,4,3,1,2,2,3,3,1,0,1,3,1,1,2,2,1,2,1,1,0,0,1,5
31,1,0,0,0,2,1,3,4,1,3,0,1,1,3,3,1,0,1,0,0,0,1,1,2,1,0,1,0,1,2,6
32,2,0,1,0,3,1,3,4,0,2,0,2,2,3,2,0,0,1,5,0,0,2,2,1,0,0,1,1,1,2,4
33,1,0,0,0,3,2,2,4,2,1,0,2,2,3,2,0,0,1,1,0,0,2,1,1,1,1,1,1,1,1,6
34,1,0,1,0,3,1,2,4,2,2,0,1,2,3,3,0,0,1,2,0,0,1,1,1,0,1,1,1,0,2,5
35,1,0,0,0,3,1,4,4,2,3,0,2,2,3,3,0,1,1,0,0,0,2,2,1,1,0,1,0,0,2,4
36,2,0,1,1,3,3,0,4,2,1,0,1,1,3,2,0,0,2,1,0,1,2,1,1,2,1,1,0,1,1,5
37,1,0,2,1,1,1,1,4,1,1,0,0,2,2,2,0,0,1,5,1,1,2,1,2,2,1,1,3,0,1,6
38,1,0,0,0,2,1,2,4,1,1,0,2,2,3,3,0,0,1,5,0,0,0,1,0,0,1,1,1,1,1,7
39,1,0,0,0,3,3,0,4,1,1,0,1,1,3,3,1,0,1,1,1,1,2,1,1,2,1,1,0,0,1,7
40,1,0,0,0,3,3,4,0,1,1,0,0,2,3,3,0,0,1,0,0,1,2,0,1,1,0,0,0,0,1,5
41,1,0,0,0,1,1,1,4,0,2,0,0,0,3,3,1,0,1,1,0,0,2,1,1,2,1,0,0,0,1,6
42,1,0,0,0,3,3,3,4,2,1,0,2,2,3,3,0,0,1,3,1,1,1,2,1,1,1,1,3,0,1,7
43,1,0,0,0,2,2,3,4,0,1,0,2,2,3,3,1,1,1,2,0,1,2,2,1,1,1,0,0,0,1,4
44,1,0,0,0,4,3,3,0,3,1,0,1,1,3,3,1,0,1,2,1,1,2,2,1,1,1,1,0,0,1,5
45,2,0,0,0,1,1,0,4,1,1,0,1,1,3,3,1,0,1,0,1,0,2,2,1,1,1,1,1,0,2,5
46,1,0,0,0,0,1,0,4,1,2,0,1,1,3,3,0,0,1,3,1,0,2,1,2,1,0,1,0,0,1,6
47,2,0,1,0,4,2,4,4,4,3,0,2,2,3,3,0,0,1,1,0,1,1,1,1,0,1,0,0,1,0,3
48,2,0,0,0,4,1,3,4,2,2,0,1,1,3,3,1,0,1,1,1,1,2,2,1,1,1,0,0,0,1,6
49,1,0,0,0,3,2,3,4,1,0,0,0,1,2,3,0,0,0,1,0,0,2,2,1,1,0,0,3,0,2,6
50,0,0,0,0,4,4,3,3,2,1,0,1,1,3,3,0,0,2,3,1,1,2,2,2,1,1,1,0,0,2,3
51,1,0,0,0,4,3,3,4,2,3,0,2,2,3,3,0,0,1,1,1,1,2,2,1,1,1,1,0,0,1,5
52,1,0,0,0,2,1,3,4,1,2,0,1,1,3,3,0,0,1,0,1,1,2,1,1,1,1,1,1,0,1,3
53,1,0,0,0,4,3,2,4,3,1,0,2,1,2,3,0,0,1,0,0,0,1,0,1,0,1,1,1,0,1,6
54,1,0,0,0,4,3,4,4,0,2,0,2,2,3,3,0,1,0,3,0,0,2,2,2,1,0,1,0,0,2,5
55,2,0,0,0,0,0,2,4,3,3,1,0,1,3,2,1,0,1,1,0,1,1,1,1,0,0,0,2,0,1,6
56,1,1,2,0,2,2,2,4,0,2,1,1,1,3,3,0,1,1,2,0,1,2,1,2,2,0,1,1,0,1,7
57,1,0,0,0,3,3,2,4,4,2,0,2,2,2,3,0,0,2,0,0,0,0,1,0,0,0,0,1,0,1,3
58,2,0,0,0,2,0,3,4,4,1,0,2,2,3,3,1,0,1,0,0,0,2,2,1,1,0,0,1,0,1,7
59,1,1,0,0,4,3,4,0,1,1,0,1,1,3,3,0,0,1,2,1,1,2,1,2,2,0,0,0,0,1,4
60,1,1,0,0,3,4,2,3,1,2,0,1,1,3,3,0,1,1,1,0,0,2,2,1,1,1,1,1,0,1,7
61,1,0,1,0,4,4,0,4,1,0,0,1,1,3,2,0,0,1,0,0,0,2,0,1,2,0,0,0,0,1,4
62,1,0,0,0,4,4,4,3,1,1,0,1,1,3,3,1,1,1,1,0,0,1,1,1,1,1,1,0,0,1,4
63,1,1,0,0,4,3,3,4,3,2,0,2,2,3,3,1,1,1,1,1,1,1,1,1,1,1,1,0,0,1,6
64,1,1,0,0,4,3,3,4,4,2,0,2,2,3,3,1,0,1,1,0,1,2,1,1,1,0,1,0,0,1,4
65,1,1,0,0,3,3,2,3,1,1,0,1,1,3,3,0,0,1,1,0,1,2,2,1,1,0,1,0,0,1,6
66,2,0,1,0,3,2,2,4,2,1,0,2,2,3,3,0,1,0,1,1,1,2,2,2,1,0,1,1,0,1,5
67,2,1,0,0,4,3,3,4,4,1,0,1,1,3,3,1,1,1,1,1,1,2,2,2,2,1,1,1,0,1,7
68,1,0,1,0,1,1,4,4,2,2,1,2,2,3,3,0,1,1,2,1,1,2,1,2,1,1,1,1,0,1,7
69,1,0,0,0,1,1,2,4,1,3,0,2,2,3,3,1,1,1,1,1,1,2,2,1,1,1,1,1,0,1,6
70,1,1,0,0,4,3,3,4,4,1,0,2,2,3,3,0,1,1,1,0,0,2,1,1,2,0,0,0,0,1,5
71,1,0,0,0,3,2,2,4,2,1,0,2,2,3,3,1,0,0,5,0,0,2,2,1,1,1,1,3,0,1,5
72,2,0,0,0,3,2,3,4,3,3,0,2,2,3,3,1,0,1,1,1,1,2,2,1,1,1,1,0,0,1,5
73,1,0,1,1,3,2,0,4,0,0,0,2,2,3,2,0,0,2,1,0,1,1,0,2,1,0,1,0,1,2,5
74,1,1,0,0,0,1,3,4,1,2,0,0,2,3,3,0,1,1,2,1,0,2,1,2,1,1,0,0,0,1,5
75,1,1,0,0,4,3,0,4,1,0,0,2,2,3,3,0,1,1,1,1,1,2,1,1,2,1,0,1,0,0,5
76,1,0,0,0,3,3,2,0,1,1,0,1,1,3,3,1,0,1,0,0,0,2,2,1,1,0,1,0,0,2,7
77,1,0,0,0,0,0,1,4,0,3,0,0,2,3,3,1,1,1,5,0,1,2,1,1,1,1,0,1,0,1,7
78,1,0,0,0,3,2,0,4,2,1,0,0,0,3,3,0,0,1,5,1,1,2,1,2,2,1,1,1,0,2,6
79,1,1,1,0,2,2,0,4,1,1,0,1,1,3,3,0,0,1,1,1,1,2,1,1,2,1,1,3,0,0,5
80,1,1,2,0,4,2,3,4,2,3,0,2,1,3,3,0,1,1,1,0,1,2,2,1,2,0,0,1,0,1,5
81,1,1,1,0,3,2,4,4,0,3,0,2,2,3,3,0,1,1,2,1,1,2,1,1,2,1,0,1,0,2,3
82,1,0,0,0,3,3,0,4,0,1,0,2,2,3,3,1,0,1,0,1,1,2,1,1,1,0,1,0,0,1,7
83,2,0,0,0,0,0,2,4,0,2,0,2,2,3,3,1,1,1,0,1,1,2,2,1,1,1,1,0,0,1,5
84,2,0,0,0,3,3,3,4,1,0,0,1,1,3,3,0,0,1,0,0,0,2,1,1,0,0,0,0,0,0,6
85,0,1,0,0,4,5,3,1,4,0,0,2,1,3,3,0,1,1,1,1,1,2,1,1,2,1,0,0,0,1,4
86,1,0,0,0,2,1,3,4,1,3,0,0,1,3,3,0,1,1,2,0,1,2,2,1,1,1,1,1,0,1,4
87,2,0,0,0,1,2,4,4,1,3,0,1,2,2,2,0,0,1,0,0,1,2,1,1,1,0,0,1,0,1,4
88,1,1,0,1,4,3,4,4,4,3,0,2,2,3,3,0,0,0,1,1,1,2,1,1,1,0,1,0,0,1,7
89,2,1,0,0,4,2,3,4,2,1,0,1,1,3,3,0,0,2,1,0,0,1,1,1,0,0,0,3,0,1,6
90,1,1,0,0,2,3,3,4,1,1,0,1,1,3,3,1,1,1,0,0,1,2,2,2,2,1,1,0,0,1,4
91,2,1,1,0,4,4,2,3,3,1,0,2,2,3,3,1,0,0,0,1,1,2,1,1,1,1,1,0,0,1,7
92,1,1,0,0,3,3,2,4,2,3,0,2,2,3,3,0,0,1,0,1,1,2,1,1,1,1,1,0,0,1,6
93,2,1,2,0,3,1,3,4,2,1,0,1,2,3,3,1,0,0,1,1,0,2,1,1,2,0,0,0,0,1,6
94,1,1,0,0,3,2,4,4,4,1,0,2,2,3,3,0,1,1,0,0,0,2,2,1,1,1,1,0,0,1,5
95,1,1,2,0,2,2,2,4,3,1,0,0,0,3,3,1,0,1,0,1,1,2,1,1,1,0,0,0,0,0,2
96,1,1,0,0,3,2,3,4,2,2,0,2,2,3,3,0,0,1,1,0,0,2,1,1,1,1,1,2,0,1,7
97,1,1,0,0,3,4,2,3,3,0,0,2,2,3,3,1,1,1,0,1,1,2,0,1,2,0,0,0,0,1,6
98,2,1,1,0,2,1,3,4,3,2,0,2,2,3,3,0,1,1,1,1,1,2,1,2,1,0,1,0,0,1,4
99,1,1,0,0,4,4,2,4,4,0,0,1,1,3,3,1,0,1,0,1,1,2,1,1,1,1,0,0,0,1,6
100,3,0,0,0,3,3,3,2,4,2,0,2,2,3,3,0,0,1,1,0,0,2,2,1,1,1,1,2,0,1,6
101,1,1,0,0,3,2,2,4,2,3,0,2,2,3,3,0,0,1,1,0,0,2,1,1,1,0,0,0,0,0,3
102,2,0,0,0,0,1,1,4,1,1,0,1,2,3,3,0,0,1,2,0,1,2,1,1,1,0,1,0,0,1,5
103,1,0,0,0,3,2,4,4,0,3,1,1,1,3,3,1,0,1,0,0,0,2,2,1,2,1,1,0,0,1,7
104,2,1,0,0,4,3,4,4,0,1,0,2,2,3,3,0,1,0,0,0,0,2,1,2,0,1,1,0,0,1,5
105,1,0,1,0,1,1,3,4,1,1,0,1,1,3,3,1,0,1,1,0,0,2,2,1,1,0,1,0,0,1,7
106,1,0,0,0,4,3,2,4,4,2,0,2,1,3,3,1,0,1,2,1,0,2,2,1,1,1,1,0,0,1,6
107,1,0,2,0,3,3,3,3,4,2,0,2,2,3,3,1,1,1,0,1,0,2,1,1,0,1,1,1,0,2,7
108,1,0,0,0,1,0,3,4,1,1,0,2,2,3,3,1,1,1,0,1,0,2,1,1,0,1,1,0,0,1,6
109,1,0,1,0,4,4,3,3,3,1,0,2,2,3,3,0,0,1,1,1,0,2,2,1,1,1,1,1,0,2,6
110,1,0,2,0,4,3,1,1,4,2,0,1,1,3,3,1,1,1,1,1,1,2,2,1,2,1,1,1,0,1,6
111,1,1,0,0,4,3,2,4,4,1,0,1,1,3,3,0,0,1,0,1,1,2,2,1,1,1,0,0,0,1,6
112,1,1,1,0,2,1,0,1,3,1,0,2,2,3,3,0,0,1,1,1,1,1,2,2,2,1,1,0,0,1,6
113,1,0,0,0,3,3,2,4,1,3,0,1,1,3,3,1,1,1,1,0,1,2,1,1,1,1,0,0,0,2,7
114,1,1,0,0,2,2,1,4,0,2,0,1,1,3,3,1,0,1,1,0,0,2,1,1,2,0,0,0,0,0,6
115,2,0,0,0,4,4,3,4,2,1,0,1,1,3,3,0,1,1,1,1,0,2,2,2,1,1,0,0,0,2,4
116,1,1,0,0,3,3,3,4,1,3,0,2,0,3,3,0,1,1,1,0,1,2,0,1,1,0,1,1,0,1,6
117,1,1,0,0,3,3,3,4,0,3,0,1,1,3,3,0,1,1,1,1,1,2,1,1,2,1,0,0,1,1,4
118,0,1,0,0,2,4,0,3,0,1,0,1,1,3,3,0,0,1,1,1,1,2,0,1,1,0,1,0,0,1,4
119,1,0,0,0,3,3,3,4,1,1,0,1,1,3,3,1,1,1,1,1,1,2,1,1,0,1,1,1,0,1,7
120,1,1,0,0,4,4,4,3,2,1,1,0,0,3,3,1,1,1,1,1,0,2,1,1,2,0,0,0,0,1,6
121,1,0,0,0,3,2,2,4,2,0,1,1,1,3,3,1,0,1,3,1,1,2,1,1,2,1,1,3,0,2,6
122,1,0,0,0,3,3,2,4,0,1,0,1,1,3,3,1,1,1,2,1,1,2,2,2,2,1,1,0,0,1,6
123,1,0,0,0,3,3,3,3,1,1,1,2,2,3,3,0,0,1,0,1,1,2,1,1,1,1,0,0,1,1,6
124,1,0,0,0,2,2,3,4,1,2,0,1,1,3,3,0,1,1,1,0,0,2,2,1,1,1,0,0,1,2,4
125,2,0,0,0,3,2,0,4,2,0,0,0,0,3,2,0,0,1,1,1,1,2,2,2,1,1,1,0,0,1,6
126,1,1,0,0,4,4,2,0,4,3,0,1,1,3,3,0,0,1,1,0,1,2,1,1,1,0,0,0,0,1,2
127,1,0,0,0,3,3,3,3,2,1,1,1,1,3,3,0,0,1,0,0,0,2,2,1,0,0,0,0,0,1,4
128,0,0,0,0,1,1,2,4,4,0,0,0,0,2,3,0,1,1,1,0,1,2,1,1,1,0,1,1,0,1,6
129,2,0,1,0,4,3,0,4,2,3,0,1,1,3,3,1,0,1,0,1,0,2,1,1,1,1,1,1,0,1,7
130,2,0,0,0,4,4,3,4,4,1,0,1,1,3,3,0,0,1,1,0,1,2,1,1,2,1,1,0,1,1,2
131,1,0,0,0,4,4,4,3,4,2,0,1,1,3,3,1,1,1,1,1,1,2,2,1,2,1,1,0,0,1,7
132,2,0,1,0,3,2,3,4,1,2,1,2,1,3,3,0,0,1,0,0,1,2,1,1,1,1,1,1,0,1,6
133,1,1,0,1,4,1,2,4,4,2,0,2,2,2,3,0,0,0,1,1,1,2,1,2,2,1,0,3,0,1,4
134,2,0,0,1,2,3,2,4,0,0,1,1,2,3,3,1,1,0,0,1,1,2,1,2,2,1,0,1,0,2,5
135,2,0,0,1,3,3,3,0,2,1,0,0,2,3,2,0,0,3,0,1,1,0,1,2,2,1,1,0,0,1,7
136,1,0,0,1,2,2,4,4,1,1,0,1,1,3,2,1,0,2,1,1,0,2,1,1,2,1,1,0,0,1,6
137,2,0,0,0,2,1,2,4,0,1,0,0,1,3,3,0,0,1,1,1,1,2,2,2,2,1,1,1,0,2,6
138,2,0,0,0,2,1,4,4,0,0,0,2,2,3,3,0,0,0,1,1,1,0,1,1,1,1,1,1,1,1,2
139,2,0,0,1,3,4,2,3,1,2,0,0,2,3,2,1,0,2,0,0,0,1,1,1,0,0,0,0,1,2,7
140,1,1,2,0,4,2,2,4,4,3,0,1,1,3,3,0,0,0,2,1,1,2,1,2,2,0,0,0,0,1,6
141,1,0,0,0,3,3,0,3,4,2,0,1,1,3,3,0,1,1,1,0,0,2,2,1,1,1,1,1,1,0,6
142,2,0,0,1,3,3,3,4,2,0,0,2,2,3,2,0,0,0,1,1,1,1,1,1,1,1,1,0,0,1,5
143,2,1,0,1,4,3,4,4,0,3,0,2,2,3,2,0,0,0,1,1,1,2,1,2,2,1,1,2,0,1,5
144,1,1,1,0,4,3,3,4,4,1,0,2,2,3,3,0,0,0,1,1,1,2,1,1,2,1,1,0,0,1,6
145,1,1,2,1,4,3,3,4,2,1,0,2,2,3,3,0,0,0,5,1,1,2,1,2,1,0,1,0,0,1,7
146,1,0,0,0,4,2,3,4,0,1,0,1,1,3,2,0,0,0,0,0,1,2,0,2,2,0,1,0,0,1,4
147,0,1,0,2,3,1,2,4,1,2,0,0,0,2,2,0,0,0,5,0,1,2,1,2,1,1,0,1,0,1,6
148,1,0,0,0,3,1,4,4,2,2,0,1,1,3,3,1,1,1,0,1,1,2,2,1,1,1,1,0,0,0,4
149,2,0,0,0,3,1,3,4,2,1,0,1,1,3,3,1,1,1,1,1,1,2,2,1,1,1,1,3,0,1,6
150,1,0,0,0,4,4,4,4,0,1,1,2,2,3,3,1,0,1,0,0,0,2,2,1,0,0,0,0,0,2,4
151,3,0,2,0,2,0,0,4,0,0,0,0,0,3,2,0,0,0,0,1,1,2,2,2,1,1,1,1,0,1,5
152,1,1,2,0,2,0,0,4,1,0,0,0,0,3,3,0,1,0,0,1,1,0,1,1,1,0,0,0,0,0,6
153,0,1,0,1,4,3,0,4,2,0,0,2,2,2,3,0,0,0,2,1,1,2,1,2,2,1,0,1,0,1,3
154,1,1,0,0,3,4,0,4,3,2,0,2,2,3,3,0,1,0,0,0,0,2,2,1,1,1,1,0,0,1,6
155,2,1,2,0,2,2,4,4,2,1,0,2,2,3,2,0,0,0,0,0,0,2,1,1,1,1,0,3,0,1,4
156,1,1,0,0,4,4,0,3,3,0,0,1,1,3,2,0,0,0,2,0,0,2,1,1,1,0,1,1,0,1,4
157,1,0,0,0,4,2,3,4,4,1,0,2,2,2,3,0,0,2,0,0,0,2,1,1,0,0,0,0,0,0,7
158,1,0,0,0,1,3,2,4,2,1,0,2,2,3,2,0,0,1,0,1,1,1,1,0,0,1,1,1,1,1,4
159,1,0,0,0,4,3,3,4,2,2,0,2,2,3,3,1,1,2,1,1,1,2,0,1,1,1,1,2,1,1,5
160,1,0,0,0,3,2,0,4,2,1,0,2,2,3,3,1,0,2,0,0,0,2,1,1,1,0,0,0,0,1,6
161,1,1,0,0,3,3,0,3,1,1,1,2,2,3,3,0,0,1,0,1,1,2,2,1,1,1,1,0,0,1,3
162,1,0,0,0,3,2,3,4,4,2,0,0,0,3,3,1,0,1,1,0,0,2,1,2,1,0,0,1,0,1,5
163,1,0,1,0,2,2,1,3,1,2,0,1,1,3,3,1,0,1,0,0,0,2,1,1,0,0,1,0,0,1,5
164,1,0,0,0,2,2,0,4,0,1,0,1,2,3,3,0,0,1,1,0,0,2,1,1,0,0,0,1,0,0,4
165,1,0,0,0,3,0,1,4,0,1,1,0,0,3,3,0,0,0,1,1,0,2,1,1,1,0,0,0,0,1,3
166,1,0,0,0,4,2,0,4,0,1,0,1,1,3,3,0,0,2,1,1,1,2,1,2,1,0,1,1,1,1,5
167,1,0,0,0,4,3,0,4,2,2,0,1,1,3,3,0,0,2,0,1,1,2,1,1,1,1,1,1,1,2,5
168,0,0,0,0,0,2,4,0,0,0,1,0,0,3,3,0,0,1,1,0,1,2,1,2,2,0,0,0,0,2,5
169,1,0,0,0,2,0,0,4,0,1,0,1,1,3,3,0,0,2,0,0,0,2,1,1,2,0,0,1,0,0,6
170,1,0,0,0,4,3,3,3,4,2,0,1,1,3,3,0,0,1,1,0,0,2,1,2,2,0,1,0,0,1,6
171,1,0,0,0,4,2,3,4,1,1,0,1,1,3,3,0,0,0,0,1,0,2,2,1,0,0,0,0,1,1,4
172,1,0,1,0,3,2,4,4,2,3,0,2,2,3,3,0,0,1,0,1,1,2,1,0,0,1,0,0,0,2,4
173,1,1,1,0,3,3,2,4,3,2,0,2,2,3,3,0,0,0,3,0,1,2,1,2,2,0,0,0,0,1,4
174,1,0,0,0,2,1,0,4,0,2,0,1,2,3,3,1,1,2,0,1,1,2,1,1,2,0,1,0,1,1,6
175,2,0,0,0,3,2,3,4,3,1,0,1,1,3,3,1,0,0,2,0,0,1,2,1,1,1,1,0,1,1,4
176,1,0,0,0,3,2,0,4,1,2,0,1,2,3,3,0,0,2,0,0,0,2,1,1,0,0,1,0,0,1,5
177,1,0,0,0,4,2,4,4,0,1,0,1,1,0,3,0,0,1,1,1,0,2,2,1,0,1,1,0,0,2,3
178,1,0,1,0,3,3,2,0,0,1,0,1,1,3,3,1,0,1,0,0,0,2,0,0,0,0,0,1,1,1,3
179,1,0,1,0,3,3,3,3,1,1,0,1,1,3,3,1,0,1,2,1,0,2,2,1,1,1,1,0,1,2,6
180,1,1,2,0,3,2,2,4,4,1,0,2,2,3,3,0,0,2,1,0,0,2,1,1,1,0,0,0,0,1,5
181,1,0,0,0,3,3,3,4,0,3,0,2,1,3,3,0,1,1,1,0,1,2,2,2,0,0,0,1,0,1,6
182,2,0,1,0,0,0,2,4,0,1,0,0,1,3,2,1,0,1,1,1,1,2,1,1,1,0,0,1,1,1,5
183,2,0,0,0,3,4,4,4,1,1,1,2,2,3,3,1,1,1,0,0,1,2,1,1,1,1,1,0,0,1,7
184,2,0,1,0,5,3,4,4,1,1,0,1,1,3,3,1,1,1,0,1,1,2,1,1,1,1,0,0,1,1,4
185,1,1,0,0,3,4,3,3,3,2,0,0,1,3,3,0,1,1,2,1,1,2,1,2,1,1,0,0,0,0,7
186,1,1,0,1,3,1,2,4,0,1,0,2,2,2,3,0,0,0,1,1,1,2,1,2,2,1,0,0,0,1,7
187,1,0,0,0,1,0,0,4,1,2,0,1,1,3,3,0,0,1,2,0,0,1,1,1,1,0,0,0,0,1,3
188,1,1,2,1,4,4,0,0,4,2,0,0,2,2,1,0,0,2,0,0,1,1,1,1,1,0,0,1,0,1,2
189,2,0,2,1,2,1,2,4,4,1,0,1,1,2,2,0,0,2,0,0,0,1,1,1,0,0,0,1,1,1,3
190,2,1,2,2,0,0,4,4,0,2,1,0,0,2,1,0,0,0,1,0,1,0,1,2,1,1,1,0,0,1,3
191,2,0,1,1,2,1,2,4,4,2,0,0,2,2,2,0,0,2,0,0,0,1,1,0,0,0,0,0,1,1,2
192,0,1,0,2,3,0,3,4,1,0,0,1,1,2,0,0,0,0,1,0,1,2,1,2,1,1,1,1,0,1,2
193,1,0,0,0,3,3,2,3,2,1,0,0,1,3,3,0,0,2,2,1,0,0,1,2,1,1,1,0,1,2,4
194,0,1,0,2,3,0,3,4,1,0,0,1,1,2,0,0,0,0,1,0,1,2,1,1,1,1,0,1,0,0,2
195,1,1,2,0,3,2,2,4,2,2,0,0,1,3,3,1,0,2,0,0,1,0,1,1,1,0,0,0,0,1,4
196,1,1,1,0,4,3,0,4,1,2,0,1,1,3,3,0,1,1,2,1,1,2,1,2,2,1,0,1,0,1,7
197,1,1,1,0,3,3,0,4,3,2,0,0,1,3,2,0,0,2,0,0,1,1,1,1,1,0,0,0,0,1,3
198,1,1,1,0,2,2,2,4,4,3,0,0,1,3,2,0,0,1,1,0,1,2,1,2,2,1,0,0,0,1,7
199,1,1,1,2,3,2,0,4,4,3,0,0,0,3,2,0,0,0,0,0,1,0,0,1,0,0,0,0,0,1,3
200,1,1,1,2,3,2,3,4,1,3,0,0,1,3,2,0,0,0,0,0,1,0,0,1,1,0,0,2,0,2,3
201,1,1,1,2,0,0,2,4,4,3,0,0,0,3,2,0,0,0,1,0,1,0,0,1,1,0,0,0,0,1,2
202,2,0,1,0,1,1,1,4,0,3,0,0,1,3,2,0,0,3,0,1,0,2,1,1,1,1,1,0,0,1,6
203,2,1,1,0,3,1,3,4,2,2,0,2,2,3,3,0,1,1,1,1,0,2,1,1,2,0,1,0,0,1,6
204,2,0,1,0,3,2,0,4,1,3,0,1,1,3,3,0,0,1,0,0,0,2,1,0,0,0,0,2,0,0,6
205,1,0,1,1,3,2,2,4,4,2,0,1,1,3,2,0,0,0,0,0,0,1,1,1,0,0,0,0,0,1,2
206,1,0,0,1,2,1,0,4,4,2,0,0,2,3,2,0,0,2,2,0,1,2,1,2,1,1,0,0,0,1,5
207,2,1,0,0,4,3,3,4,1,1,0,1,1,3,3,1,1,1,5,0,0,2,1,2,2,1,1,0,0,2,7
208,1,0,0,0,3,2,3,4,1,0,0,2,2,3,2,0,0,1,1,0,1,2,1,1,1,0,1,0,1,1,4
209,1,0,0,2,1,0,1,4,0,1,0,0,2,2,1,0,0,0,0,0,0,0,1,1,0,1,0,0,1,1,3
210,2,0,0,2,2,1,2,4,1,1,0,2,2,3,2,0,0,0,0,0,0,0,1,1,0,1,0,1,1,2,2
211,2,0,0,0,1,1,2,4,2,3,0,2,1,3,3,1,1,1,3,1,1,2,1,2,2,1,1,0,0,1,7
212,2,0,1,0,3,3,3,4,2,1,0,2,1,3,3,1,0,1,2,1,1,2,1,2,2,0,1,0,1,0,6
213,1,0,0,1,4,3,3,3,4,1,0,2,2,3,2,0,0,2,1,0,0,2,2,1,1,0,0,0,1,0,4
214,2,1,0,1,3,2,0,4,1,3,0,0,2,3,2,0,0,2,1,1,1,2,1,2,2,1,1,0,0,1,7
215,1,0,0,1,3,2,0,4,2,1,0,1,1,2,2,0,0,2,0,0,1,2,1,1,1,1,1,0,0,0,6
216,1,1,1,0,3,3,0,2,2,0,0,2,2,3,3,1,0,1,1,0,0,2,2,1,1,1,1,0,0,1,5
217,1,0,0,0,0,1,1,4,0,2,0,0,1,3,3,1,0,1,3,1,1,2,2,2,2,1,1,1,0,2,5
218,1,0,0,1,2,1,0,4,0,2,0,1,1,2,2,0,0,0,1,1,1,1,2,2,2,1,1,1,1,1,7
219,1,0,0,1,0,0,2,4,0,1,0,0,2,2,2,0,0,2,0,1,1,0,1,1,1,1,1,0,1,0,4
220,0,0,0,0,4,4,3,3,2,2,0,1,1,3,3,1,1,2,1,1,1,2,2,1,2,0,0,0,0,1,6
221,1,0,0,0,4,3,0,3,4,1,0,1,1,2,3,0,0,2,1,1,0,2,2,2,1,1,0,0,0,1,6
222,1,0,0,0,2,1,4,4,1,3,0,1,1,2,3,0,0,2,3,1,0,2,2,2,1,0,0,0,0,1,6
223,0,0,0,0,4,3,0,4,1,3,0,2,2,3,3,0,0,2,3,1,1,2,1,1,1,1,0,0,0,1,3
224,1,0,0,0,3,0,2,4,0,2,0,0,0,2,2,0,0,2,3,0,1,2,1,2,1,0,0,1,0,1,5
225,0,1,0,0,4,3,3,4,1,2,0,2,2,3,3,0,0,1,1,0,1,2,2,2,1,0,0,0,0,0,5
226,1,0,0,0,0,0,1,4,0,2,0,0,1,3,3,0,0,2,1,0,1,2,2,2,2,0,0,0,0,2,5
227,1,1,0,0,2,1,2,4,1,2,0,1,1,3,3,0,0,1,3,0,0,2,2,2,2,0,0,0,0,1,5
228,1,0,0,0,0,0,1,4,0,3,0,0,0,2,2,0,0,1,3,0,1,1,1,2,1,0,1,1,0,1,3
229,1,0,0,0,0,0,2,4,0,1,0,0,1,3,3,0,0,2,2,1,1,2,1,2,2,0,0,0,0,1,7
230,0,0,0,0,0,0,1,4,0,3,0,0,1,2,3,0,0,2,2,0,1,2,2,2,2,0,0,0,0,2,4
231,1,0,0,0,1,0,1,4,0,1,0,0,0,2,2,0,0,2,1,1,1,2,1,2,1,1,0,0,0,2,4
232,0,1,0,0,3,1,4,4,0,2,0,1,1,3,3,0,0,1,3,0,0,2,2,2,1,0,1,0,0,1,7
233,0,0,0,0,1,1,2,4,0,2,0,1,1,3,3,1,0,2,2,0,0,2,1,2,1,1,0,0,0,1,6
234,0,0,0,0,2,1,2,4,3,2,0,1,1,3,3,1,1,2,1,1,1,2,1,1,0,1,1,2,1,1,7
235,1,0,0,0,4,3,0,4,0,2,0,0,1,3,3,0,0,2,3,0,1,2,1,1,0,0,0,0,0,1,4
236,1,1,0,0,1,0,2,4,0,1,0,1,1,3,3,0,0,2,1,1,1,2,1,2,2,1,1,0,0,1,5
237,0,1,0,0,3,2,3,4,2,3,0,2,2,3,3,0,0,3,1,1,1,2,2,2,1,1,1,0,0,1,5
238,1,0,0,0,0,0,0,0,1,2,0,2,2,3,3,0,0,0,2,0,0,1,1,1,1,1,0,0,0,2,4
239,1,1,0,0,3,2,3,4,0,0,1,2,1,3,3,0,0,1,3,1,1,2,1,2,2,0,1,0,0,1,5
240,0,0,0,0,0,1,2,4,1,2,0,0,0,2,2,0,0,3,3,1,1,2,1,2,1,1,1,1,0,1,5
241,0,1,0,0,4,4,3,4,4,2,0,1,1,3,3,0,0,2,1,1,1,2,1,2,2,0,1,0,0,1,4
242,1,0,0,0,3,3,3,4,1,1,0,1,1,3,3,1,1,2,2,0,1,2,1,1,0,0,0,0,0,1,5
243,1,0,0,0,1,0,0,4,0,0,0,2,2,2,3,0,0,2,2,1,1,2,1,1,0,1,1,1,0,1,7
244,0,0,0,0,0,1,2,2,1,2,2,1,1,3,3,0,0,0,1,1,1,2,2,2,1,1,1,0,0,1,6
245,1,0,1,0,4,5,2,3,4,0,2,2,2,3,3,1,0,0,0,0,0,1,1,1,0,0,0,1,0,0,6
246,0,0,0,0,3,3,2,4,0,1,0,1,1,3,3,0,0,2,1,0,0,2,1,2,1,1,1,0,0,1,6
247,1,0,0,0,0,0,1,4,0,3,1,0,1,2,3,0,0,2,3,1,1,1,2,2,2,1,1,2,0,1,4
248,0,0,0,0,4,1,0,4,1,2,0,1,1,3,3,1,0,0,0,1,1,2,1,1,1,1,0,1,0,1,6
249,1,0,0,2,1,1,2,4,0,3,0,1,1,3,3,0,0,1,2,1,0,2,1,1,1,0,1,0,0,2,6
250,1,1,0,0,4,4,3,3,4,1,0,1,1,3,3,0,1,1,2,0,1,2,1,1,2,1,1,0,0,1,6
251,0,1,0,0,2,2,1,4,0,3,0,0,2,3,3,0,0,1,3,0,1,1,2,2,2,0,0,1,0,0,5
252,0,1,0,0,4,2,3,4,0,2,0,0,1,2,3,0,0,2,1,0,0,2,0,1,1,0,0,0,0,0,5
253,1,0,0,0,1,2,2,4,0,0,1,0,0,2,2,0,0,2,5,0,1,2,1,2,2,1,1,0,0,1,4
254,2,0,0,1,2,1,1,4,0,1,1,2,2,3,2,0,0,2,1,0,0,2,1,1,1,0,1,0,1,1,5
255,2,0,0,1,2,3,2,4,1,1,0,2,2,3,2,0,0,2,2,0,0,2,2,2,1,0,1,0,0,1,6
256,1,1,2,2,2,1,1,4,2,1,0,2,2,3,3,0,0,0,2,0,1,0,2,1,1,0,0,0,0,0,4
257,1,0,0,0,1,0,0,4,0,2,0,1,1,2,3,0,0,2,2,0,0,2,2,2,1,1,0,0,0,2,5
258,1,0,1,0,2,2,4,4,0,1,1,0,0,2,3,0,0,0,2,0,1,2,1,2,1,0,0,0,0,2,5
259,1,0,0,0,2,2,4,0,0,1,0,0,0,2,3,0,0,2,2,1,1,2,1,1,1,1,1,0,0,1,4
260,1,0,0,1,0,1,2,4,1,2,0,0,1,3,2,0,0,2,2,1,1,2,1,1,2,1,1,0,0,1,5
261,2,0,2,1,0,0,2,4,0,1,0,2,2,2,1,0,0,0,2,1,1,2,2,2,1,1,1,1,0,2,7
262,1,0,0,2,3,0,3,4,0,2,0,2,2,2,1,0,0,2,0,1,1,0,2,1,1,1,1,1,1,2,3
263,1,1,2,0,3,3,2,4,3,1,0,1,1,3,3,0,1,2,1,1,1,2,1,1,1,0,0,1,0,1,3
264,2,0,0,1,2,1,0,4,1,0,0,1,0,2,2,0,0,3,2,1,1,2,1,2,1,0,0,1,0,1,5
265,2,0,0,0,4,4,1,1,2,1,0,1,2,3,3,1,0,1,1,0,0,2,2,1,1,1,1,0,0,1,7
266,1,0,0,0,3,2,2,4,0,1,0,0,1,3,3,0,0,3,1,0,1,2,1,2,2,1,1,1,0,1,4
267,2,0,0,0,3,0,1,4,0,3,0,0,2,3,3,0,1,3,0,1,1,1,1,1,0,1,0,3,0,1,3
268,2,0,0,0,0,0,2,4,1,1,0,2,1,3,2,0,0,2,2,1,1,2,1,2,2,1,0,1,0,1,4
269,2,0,0,0,0,1,1,4,1,1,0,1,2,3,3,0,0,1,2,0,1,2,1,1,1,1,1,0,0,1,4
270,0,1,0,0,4,4,0,4,1,2,0,1,1,3,3,0,0,1,1,1,1,2,0,2,1,1,1,1,0,1,3
271,2,1,2,2,0,0,2,1,0,2,0,0,0,2,3,0,1,0,0,1,0,2,0,1,1,1,1,1,0,1,4
272,1,0,0,0,3,2,3,4,1,2,0,1,1,3,3,0,0,2,0,0,0,2,1,1,0,0,1,3,1,1,6
273,2,0,2,0,3,2,0,4,4,1,0,0,1,3,2,0,0,1,5,1,1,2,2,1,1,1,1,1,0,2,4
274,1,0,0,0,3,3,0,4,1,2,0,1,1,3,3,0,0,2,0,0,1,1,1,0,0,0,1,0,0,1,1
275,1,0,0,0,4,2,4,4,0,2,0,0,1,3,2,0,0,0,1,1,1,2,2,1,1,1,1,1,0,1,5
276,1,1,0,1,3,1,0,4,4,0,0,1,1,3,3,0,1,0,1,0,0,2,1,1,1,0,1,1,0,0,7
277,1,1,0,0,4,2,3,4,3,2,0,2,2,3,3,1,1,1,0,1,1,2,2,2,1,0,0,1,0,1,7
278,1,1,0,0,4,4,0,3,2,3,0,2,2,3,3,1,1,2,2,0,1,2,1,1,1,1,1,0,0,1,6
279,1,1,0,0,3,2,0,4,1,0,0,2,1,3,3,1,1,1,1,0,0,2,1,1,1,1,0,0,0,1,6
280,2,0,0,0,3,2,0,4,2,1,0,0,0,3,3,0,0,1,5,1,1,2,1,2,2,1,1,1,0,2,6
281,3,1,0,0,3,4,3,4,3,3,0,1,1,3,3,1,1,1,0,1,1,2,2,2,2,1,1,0,0,0,6
282,1,1,1,0,3,3,2,2,1,1,1,1,1,3,3,1,1,3,1,1,1,2,1,1,1,1,0,0,0,1,5
283,2,1,1,0,4,3,3,3,4,3,0,2,2,3,3,0,1,1,1,1,1,2,2,2,1,0,1,0,0,1,7
284,1,1,0,1,4,4,3,3,4,2,0,0,1,3,3,1,1,2,2,1,1,2,1,1,1,1,1,3,0,1,7
285,2,0,0,1,1,1,2,4,3,1,0,0,2,3,2,0,0,0,2,0,1,2,1,2,2,0,0,0,0,0,5
286,2,0,0,1,2,1,4,4,0,2,0,2,2,2,2,0,0,2,1,0,0,2,2,1,1,0,1,0,0,0,5
287,2,0,0,1,1,1,1,4,1,1,0,2,2,3,2,1,0,2,2,1,1,2,1,1,1,0,1,0,1,1,5
288,2,0,0,1,2,3,2,4,4,1,0,2,2,3,2,0,0,2,1,1,1,2,1,1,1,1,1,1,0,1,4
289,1,1,0,0,2,2,2,4,3,2,0,2,2,3,3,0,0,1,3,1,1,2,1,1,2,1,1,0,0,1,5
290,2,0,0,1,2,1,3,4,1,2,0,2,2,3,2,0,0,0,2,1,1,2,1,1,1,1,1,0,0,1,5
291,1,0,0,0,0,0,2,4,1,3,1,2,2,3,3,1,0,1,2,1,0,2,1,2,1,1,1,1,0,0,5
292,1,0,0,0,1,3,3,4,1,3,0,2,2,3,3,0,0,2,2,0,0,2,1,2,1,0,1,0,0,1,7
293,1,0,0,0,3,2,3,4,1,0,0,0,1,2,3,0,0,0,1,0,0,2,2,1,1,0,1,0,0,1,6
294,1,0,0,0,3,1,3,4,1,2,0,0,0,3,3,0,0,2,0,0,1,2,1,1,1,1,1,0,0,1,6
295,1,0,0,0,1,1,1,1,0,1,1,0,0,3,3,0,0,1,1,0,0,2,1,1,1,1,1,0,0,1,5
296,1,1,0,0,3,4,3,3,2,3,0,1,1,3,3,0,0,1,2,1,1,2,1,1,1,1,1,1,0,1,6
297,1,1,0,0,0,1,1,4,0,3,0,2,2,3,3,0,0,1,0,1,1,2,2,1,2,1,1,1,0,1,6
298,1,0,0,0,3,2,3,4,2,2,0,1,2,3,3,1,0,1,1,1,1,2,2,1,1,1,1,1,0,2,6
299,1,0,1,0,3,2,1,4,0,3,0,2,2,3,3,0,0,2,1,1,1,2,2,1,1,1,1,1,0,1,5
300,2,0,2,0,4,4,3,4,4,1,0,1,1,3,3,1,1,1,1,1,1,2,2,1,1,1,0,2,0,1,5
301,1,0,0,0,3,1,1,4,0,0,0,0,2,3,3,0,0,2,0,0,0,2,1,1,0,0,0,1,0,1,3
302,1,1,0,0,3,1,2,3,2,2,0,2,2,3,3,0,0,1,1,1,1,2,2,1,1,1,1,1,0,1,4
303,1,0,1,0,4,3,3,4,1,1,0,0,1,3,3,1,0,1,2,0,0,2,1,1,1,0,0,0,0,1,5
304,1,0,0,0,3,2,0,4,0,3,0,0,2,3,3,0,0,1,2,1,1,2,2,1,1,1,1,1,1,1,6
305,1,0,0,0,4,3,4,4,0,2,0,0,0,3,3,0,0,1,2,0,0,2,1,1,0,1,0,0,0,0,4
306,1,0,1,0,4,3,3,4,1,0,0,1,2,3,3,0,0,1,1,1,1,2,1,1,1,1,0,0,0,1,5
307,1,1,1,0,2,1,4,4,1,2,0,1,1,3,3,0,0,1,2,0,0,2,1,1,1,1,1,1,0,1,5
308,1,0,0,0,5,4,3,4,4,1,0,1,1,3,3,0,0,2,2,1,0,2,1,1,2,1,1,2,0,1,7
309,1,0,0,0,4,2,3,4,2,1,0,0,2,3,3,1,0,2,1,1,1,2,2,2,1,1,1,1,0,1,6
310,1,0,0,0,4,3,3,4,1,2,0,2,2,2,3,0,0,2,5,1,1,2,1,2,2,1,0,3,0,1,5
311,1,0,0,0,2,2,0,4,1,1,0,2,2,3,3,0,0,2,1,1,1,2,2,1,1,1,1,1,0,1,5
312,1,0,0,0,2,2,0,4,2,1,0,1,1,3,3,0,0,0,5,0,0,1,1,1,0,0,0,0,0,0,6
313,1,0,0,0,4,3,3,4,2,1,0,2,2,3,3,1,0,1,2,1,1,2,1,2,2,1,1,1,1,2,7
314,1,0,0,0,3,4,4,4,0,1,0,2,2,3,3,0,1,3,1,0,1,2,1,1,1,0,1,0,0,0,5
315,1,0,1,0,3,3,2,4,4,3,0,1,1,3,3,0,0,0,0,0,0,2,1,0,0,1,0,3,0,2,5
316,2,0,0,0,4,4,0,4,4,1,0,1,1,3,3,0,0,0,5,0,0,2,1,1,2,1,1,0,0,2,7
317,1,1,0,0,2,2,2,4,0,0,0,1,1,3,3,1,0,0,1,0,0,2,1,2,2,1,1,1,0,0,5
318,1,0,1,0,4,4,3,4,4,1,0,2,2,3,3,0,0,1,3,1,1,2,2,2,2,1,1,2,0,1,6
319,1,0,0,0,1,1,1,4,0,2,0,0,2,3,3,0,0,1,5,1,0,2,1,2,1,1,1,0,0,1,6
320,1,1,0,0,1,1,0,4,0,1,0,2,2,3,3,0,0,1,2,1,1,2,2,2,1,1,1,0,0,1,5
321,1,1,0,0,4,3,3,4,4,2,0,2,2,3,3,1,1,1,2,1,1,1,1,1,1,1,0,0,0,1,5
322,1,0,0,0,2,1,2,4,1,2,0,2,2,3,3,0,0,2,1,1,1,2,1,1,2,1,1,0,0,1,6
323,1,1,0,0,3,2,2,4,0,3,0,0,0,3,3,0,0,1,0,0,0,2,0,1,1,0,0,0,0,0,6
324,1,0,0,0,1,1,3,4,0,1,0,2,2,3,3,1,0,2,0,1,1,2,2,1,2,0,1,1,0,1,6
325,1,0,0,0,0,1,2,4,1,3,0,0,0,3,3,1,0,1,1,1,1,2,2,2,2,0,0,0,0,2,6
326,1,1,0,0,3,2,0,4,2,1,0,1,1,3,3,0,0,1,0,0,1,2,0,1,1,1,0,1,0,1,6
327,1,0,0,0,2,4,2,3,4,1,0,0,0,3,3,1,0,2,3,0,1,2,2,2,1,0,1,2,0,1,4
328,1,0,0,0,4,4,0,4,1,1,0,1,1,3,3,0,0,0,1,1,0,2,2,1,1,1,0,0,0,1,2
329,1,0,0,0,3,3,3,4,1,1,0,2,2,3,3,0,1,0,5,1,1,2,2,2,2,1,1,3,0,2,4
330,1,1,0,0,4,4,2,3,4,0,0,1,1,3,3,1,1,1,0,1,1,2,1,1,2,1,1,2,0,1,7
331,2,0,1,0,4,4,2,3,4,1,0,2,2,3,3,1,0,1,0,0,0,1,2,1,0,0,1,2,1,0,5
332,0,0,0,0,3,3,3,4,3,1,0,1,1,2,3,0,0,2,1,0,0,2,1,1,1,0,1,0,0,0,4
333,1,1,2,0,1,1,1,4,0,2,0,1,1,3,2,0,0,0,1,1,1,1,2,2,2,1,1,1,0,1,6
334,0,0,0,0,4,4,3,3,2,1,0,1,1,3,3,1,1,2,1,1,1,2,2,1,2,0,0,0,0,1,6
335,1,0,0,0,3,2,3,4,3,2,0,2,2,3,3,0,0,0,1,1,0,2,1,2,2,1,1,0,0,1,6
336,1,0,0,0,1,0,2,4,0,2,0,2,2,3,3,0,0,0,3,0,1,2,1,1,1,1,1,3,0,1,4
337,1,0,0,0,4,4,3,3,3,1,0,1,1,3,3,1,0,2,1,0,0,2,1,1,1,0,0,0,0,1,3
338,1,0,0,0,2,1,3,4,1,2,0,0,1,3,3,0,0,2,5,1,0,2,2,2,1,1,1,0,0,1,6
339,0,0,0,0,3,3,0,0,1,2,0,2,2,3,3,0,0,1,2,0,1,2,1,1,1,1,1,1,0,1,4
340,1,0,0,0,1,1,2,4,1,1,0,1,1,3,3,0,0,2,1,1,1,2,1,2,2,0,0,0,0,2,5
341,1,0,0,0,1,3,2,3,2,1,0,2,1,3,3,0,0,0,2,1,0,2,1,2,1,1,1,3,1,1,5
342,1,0,0,0,1,2,1,4,0,1,0,1,1,3,3,0,0,3,2,1,1,2,1,2,2,1,1,0,0,1,5
343,1,1,0,0,4,3,4,4,1,1,0,1,1,2,3,0,0,1,1,1,1,2,1,1,2,0,1,0,0,1,4
344,1,0,0,0,3,1,3,4,1,1,0,1,1,3,3,0,0,2,1,0,1,2,2,1,1,1,1,0,0,1,6
345,0,1,1,0,4,1,3,4,1,1,0,1,2,3,3,1,0,1,1,1,1,2,1,1,2,1,1,0,0,1,5
346,1,1,0,0,3,2,3,4,1,1,0,1,1,3,3,0,0,1,1,1,1,2,1,1,2,1,1,0,0,0,6
347,1,1,0,0,4,4,3,3,2,1,0,1,1,2,3,0,0,1,2,0,1,2,1,1,1,0,1,0,0,0,7
348,1,0,0,0,1,1,1,4,0,1,0,0,1,2,2,0,0,2,1,1,1,2,2,2,2,0,1,0,0,1,5
349,1,1,0,0,3,4,3,3,2,3,0,2,1,3,3,1,0,1,1,1,1,2,1,1,2,1,1,0,0,0,4
350,1,0,0,0,0,2,1,4,0,2,0,0,2,2,3,0,0,2,1,1,0,2,2,1,1,1,1,3,1,1,3
351,1,0,2,0,2,1,1,4,0,2,0,0,1,2,3,0,0,3,1,0,0,2,2,1,1,0,1,1,0,1,5
352,1,0,0,0,3,1,0,4,2,2,0,2,2,2,3,0,0,2,1,0,1,2,2,1,1,1,1,0,0,1,5
353,1,1,0,0,4,3,2,3,1,1,0,2,2,3,3,0,0,1,1,1,0,2,1,2,1,0,0,2,0,1,4
354,1,1,0,0,0,1,2,4,1,3,0,0,1,3,3,0,0,0,1,1,1,2,2,2,2,1,1,1,0,1,7
355,0,1,0,0,1,1,1,4,0,2,0,1,1,3,3,0,0,1,1,1,1,2,2,1,2,0,0,0,0,1,4
356,1,0,0,0,3,2,1,4,1,0,0,0,0,2,3,0,0,2,1,1,1,2,2,2,2,1,1,0,0,1,6
357,0,1,0,0,4,3,3,4,0,1,0,2,2,3,3,0,0,1,1,1,1,2,2,2,2,0,0,0,0,0,4
358,1,0,0,0,3,2,2,4,1,1,0,2,2,3,3,0,0,2,1,1,1,2,2,2,2,1,1,3,0,1,5
359,1,0,0,0,2,1,1,4,0,2,0,0,1,3,3,0,0,1,3,1,1,2,1,1,2,0,0,0,0,0,5
360,0,0,0,0,2,2,1,4,0,1,0,0,0,3,3,0,0,2,2,0,1,2,1,1,1,0,1,0,0,1,3
361,1,0,0,0,4,3,3,3,1,0,0,1,2,3,3,1,0,2,5,0,0,1,1,2,1,0,1,0,0,1,1
362,0,0,0,0,4,4,2,4,4,3,0,1,1,3,3,0,0,2,2,0,0,2,1,1,1,0,0,0,1,1,1
363,0,0,0,0,3,2,3,4,0,3,0,0,1,2,3,0,0,2,1,0,1,2,1,1,1,1,1,0,0,1,3
364,1,0,0,0,3,3,3,4,3,2,0,2,2,3,3,1,0,2,3,0,0,2,1,1,1,0,1,0,0,1,2
365,1,1,0,0,3,3,0,0,1,2,0,1,1,2,3,0,0,1,1,0,0,1,0,1,1,1,1,0,0,1,1
366,0,0,2,0,3,2,2,4,1,0,0,0,0,3,3,0,0,2,3,1,0,2,1,2,2,0,0,2,0,1,4
367,0,0,0,0,3,2,0,4,2,0,0,1,1,2,2,0,0,0,2,1,1,2,1,2,1,1,0,1,1,1,2
368,1,0,0,0,4,3,0,0,2,1,2,1,1,2,3,0,0,2,2,1,1,2,1,1,1,1,0,0,1,1,3
369,0,0,0,0,4,2,0,4,2,2,0,2,2,2,2,0,0,0,0,0,1,2,1,1,0,0,1,0,0,1,1
370,0,1,0,0,0,1,2,4,0,0,0,0,1,2,3,0,0,1,1,1,1,2,2,2,2,0,1,0,0,1,4
371,1,0,0,0,2,2,0,0,1,1,0,1,1,2,3,0,0,3,3,1,0,2,0,2,1,1,0,0,0,1,3
372,1,0,0,0,4,1,3,4,0,3,0,2,2,3,3,0,0,2,1,1,0,2,1,1,1,1,1,0,0,1,2
373,1,0,1,0,1,1,2,4,1,2,0,2,2,3,3,1,0,2,1,1,1,2,1,2,2,1,1,0,0,1,3
374,0,1,0,0,3,3,0,4,0,0,0,2,2,3,3,1,0,1,1,1,1,2,1,2,2,1,0,0,0,0,4
375,1,0,0,0,1,1,2,4,0,2,0,2,2,3,3,1,0,3,1,0,1,2,2,1,2,0,0,0,0,1,3
376,0,1,0,0,1,2,2,4,2,3,0,2,2,3,3,0,0,1,2,0,1,2,1,1,2,1,0,0,0,1,1
377,1,0,0,0,0,1,4,4,1,2,0,1,2,2,3,0,0,0,0,0,0,2,1,1,1,0,0,3,0,1,2
378,0,1,0,0,3,3,2,3,3,1,0,1,1,3,3,0,0,1,1,0,1,2,1,1,1,0,0,0,0,1,4
379,1,0,0,0,3,3,0,4,1,1,0,0,2,2,3,0,0,2,2,0,1,2,1,1,1,1,0,0,0,1,4
380,0,1,1,0,3,2,3,4,4,1,0,2,2,3,3,0,0,1,1,0,0,2,2,1,1,0,1,0,0,1,2
381,0,1,0,0,4,2,0,4,0,2,0,2,2,3,3,1,0,1,2,1,1,2,1,1,1,0,1,0,0,1,2
382,0,0,0,0,2,3,0,4,1,3,0,0,1,2,3,0,0,0,1,0,0,2,1,1,1,0,0,0,0,1,3
383,0,1,0,0,4,4,0,0,1,2,0,2,2,3,2,0,0,2,5,1,1,2,1,2,1,1,0,0,0,1,0
384,0,1,1,0,3,3,4,4,2,2,0,1,1,3,3,0,0,2,2,0,0,1,1,2,2,1,1,0,0,2,4
385,1,0,0,0,0,0,2,4,0,0,0,0,1,3,3,0,0,2,3,1,0,2,2,2,2,1,1,1,0,1,1
386,0,0,0,0,1,0,2,4,1,3,0,0,2,3,3,0,0,3,1,1,0,2,2,2,2,1,1,2,0,1,4
387,1,0,0,0,3,2,0,4,1,2,0,0,1,3,3,0,0,2,2,0,0,2,1,2,2,1,1,1,0,1,5
388,1,0,2,0,1,1,4,4,0,3,0,0,1,2,3,0,0,2,0,0,0,2,1,1,1,0,1,1,0,0,3
389,0,1,0,0,2,1,0,4,1,3,0,1,1,2,3,0,0,1,2,1,1,2,1,1,2,0,0,0,0,0,3
390,1,1,0,0,3,4,3,3,2,3,0,1,1,3,3,0,0,1,2,1,1,2,1,1,1,1,1,1,0,1,6
391,0,1,0,0,3,0,4,4,4,3,0,1,2,2,3,0,0,1,2,0,0,2,1,1,2,0,0,0,0,0,3
392,1,1,1,0,2,1,2,4,4,1,0,2,2,3,2,0,0,0,1,1,1,2,2,2,1,1,1,1,0,0,5
393,1,1,1,0,3,1,0,4,2,1,0,2,2,3,2,0,0,2,1,0,0,2,2,1,1,1,1,0,0,0,4
394,2,0,1,0,4,2,3,4,2,1,0,1,1,3,3,0,0,2,0,0,1,2,2,1,0,1,0,1,0,0,4
395,2,0,0,0,3,3,3,3,4,1,0,1,1,3,3,1,0,1,1,1,0,2,1,1,1,1,1,0,0,2,6
396,2,0,0,1,1,1,2,4,4,2,0,1,1,3,2,0,0,2,0,0,0,2,2,1,0,1,0,0,0,2,4
397,1,0,0,0,3,3,2,4,1,2,1,1,1,3,2,1,0,1,0,0,0,1,2,1,0,1,1,0,1,1,3
398,2,0,1,0,1,1,2,4,2,1,0,1,1,2,2,0,0,1,1,0,0,2,2,1,0,0,1,0,1,1,4
399,2,0,0,2,4,3,3,3,4,1,0,1,1,3,3,1,0,1,5,1,1,2,1,2,2,1,1,1,0,0,7
400,2,0,0,0,2,1,0,4,1,2,0,1,1,3,2,0,0,1,0,0,0,1,2,1,0,1,0,0,1,2,2
401,2,0,0,2,0,0,1,4,0,1,0,0,0,2,1,0,0,0,0,0,0,0,1,1,0,1,0,0,1,1,3
402,1,1,1,1,2,1,4,4,1,3,1,1,1,3,3,1,0,2,3,0,1,2,2,2,1,1,1,0,0,0,6
403,1,0,0,0,2,1,2,4,1,0,0,2,2,3,2,0,0,1,1,0,0,2,1,1,1,0,1,1,1,1,4
404,2,0,1,0,3,2,0,4,2,1,0,1,1,3,2,0,0,2,0,0,1,1,2,1,0,1,1,3,1,0,3
405,1,1,1,2,2,1,2,4,4,1,0,1,1,3,2,0,0,0,2,0,1,0,1,2,1,0,0,0,0,0,4
406,2,0,0,1,1,1,1,4,2,1,1,1,1,3,2,0,0,1,0,0,0,1,1,1,0,1,1,2,0,0,4
407,2,0,0,0,2,1,2,4,1,3,0,1,1,3,1,0,0,1,1,0,0,2,2,1,0,1,0,2,1,0,4
408,2,1,1,0,3,3,0,4,4,1,0,1,1,3,2,0,0,2,1,0,1,2,2,1,1,1,1,0,0,0,5
409,2,0,0,1,2,0,4,4,1,2,1,1,1,2,2,0,0,2,2,1,1,2,1,1,0,0,1,0,0,0,5
410,2,0,0,0,3,1,3,4,4,0,0,1,1,3,3,0,0,0,2,0,0,2,1,2,2,0,0,0,0,0,5
411,1,0,0,2,0,0,1,4,0,2,0,0,1,2,1,0,0,2,2,0,0,2,2,2,1,1,1,1,0,1,4
412,1,0,0,0,2,0,4,4,1,2,0,1,1,3,2,1,0,1,3,1,0,2,1,2,2,1,1,0,0,0,7
413,1,0,0,0,2,2,2,4,1,1,0,0,0,3,1,0,0,1,2,1,0,2,2,1,1,1,1,1,0,1,5
414,2,1,1,0,3,2,0,4,2,1,0,1,1,3,3,1,0,0,2,1,1,2,1,2,2,0,1,0,0,0,6
415,1,0,1,0,3,2,3,4,2,1,0,1,1,3,3,0,0,1,1,0,1,2,2,1,1,1,1,1,1,0,6
416,2,0,0,1,0,0,1,4,1,2,0,0,0,2,2,0,0,2,5,1,0,2,1,1,1,0,1,0,0,2,7
417,1,1,0,2,3,1,3,4,0,3,0,2,2,3,2,0,0,0,2,1,1,0,1,1,0,1,0,0,0,0,1
418,1,1,0,0,2,2,2,4,4,3,0,2,2,3,2,0,0,1,3,1,1,2,1,2,2,1,0,1,0,1,7
419,1,1,0,2,3,2,2,4,2,3,0,2,2,3,2,0,0,0,2,0,1,0,0,1,1,0,0,0,0,1,4
420,1,0,0,1,0,0,2,4,2,2,1,1,2,2,1,0,0,2,0,0,0,1,1,1,0,1,0,0,0,0,1
421,2,0,1,2,3,1,0,0,2,2,0,1,2,3,2,1,0,2,2,0,1,1,1,1,1,1,0,1,0,1,4
422,2,0,0,0,3,1,3,4,1,3,0,1,2,2,2,0,0,1,1,0,0,1,1,1,1,0,0,0,0,1,3
423,2,1,0,2,1,0,2,4,4,1,0,0,1,1,1,0,0,0,2,0,0,0,1,1,0,0,0,0,0,0,1
424,2,0,1,1,1,0,2,4,3,2,0,0,1,2,2,0,0,2,1,0,1,1,1,1,0,0,0,0,1,1,1
425,2,0,0,0,3,2,3,3,1,1,1,1,1,3,2,0,0,1,2,1,0,2,1,2,2,0,1,1,0,1,6
426,2,0,0,0,4,3,3,4,2,1,0,1,1,3,3,1,0,0,2,1,1,2,1,2,2,0,1,1,0,0,7
427,1,1,0,2,1,0,2,4,3,1,0,0,1,0,0,0,0,0,0,0,0,0,0,1,0,0,0,0,0,0,1
428,1,0,1,1,2,1,2,4,0,1,1,1,1,2,1,0,0,2,0,0,0,0,1,1,0,0,0,2,1,1,4
429,1,0,2,1,3,1,0,4,1,0,0,1,1,3,2,0,0,2,1,0,0,2,1,1,1,1,1,3,0,0,4
430,1,1,0,0,4,0,3,4,1,1,0,1,1,3,3,0,0,1,5,1,1,2,2,2,2,0,0,0,0,1,7
431,2,1,0,2,2,1,2,4,1,1,1,1,1,1,1,0,0,0,0,0,0,0,0,1,0,0,0,0,0,0,1
432,1,1,1,1,2,1,3,4,0,3,1,1,1,3,2,1,0,2,2,0,1,2,1,2,2,1,1,1,0,0,6
433,2,0,1,1,3,3,3,4,3,1,0,1,1,3,3,0,0,2,1,0,0,2,2,1,1,1,0,0,0,0,4
434,1,0,1,2,4,3,0,0,4,2,0,0,2,1,1,0,0,0,0,0,0,0,0,0,0,0,0,0,0,0,1
435,2,0,1,1,1,1,2,4,4,0,0,1,1,3,2,0,0,2,0,0,0,1,2,1,0,0,0,0,1,0,3
436,1,1,1,1,1,2,1,0,1,1,0,0,1,2,2,0,0,2,2,0,0,2,1,2,1,0,0,0,0,1,5
437,2,0,0,2,1,1,1,0,1,1,0,0,1,2,1,0,0,0,0,0,0,0,1,1,0,0,0,0,0,1,1
438,2,0,0,2,1,0,2,4,1,1,0,1,1,2,1,0,0,0,0,0,0,0,1,1,0,1,0,2,1,0,1
439,2,0,1,1,3,0,1,4,1,3,0,0,0,2,2,0,0,2,1,0,0,1,1,2,1,0,0,3,1,1,5
440,2,0,1,2,3,1,0,4,2,1,0,1,1,3,2,0,0,0,0,0,0,0,1,1,0,1,0,0,1,1,2
441,1,1,1,2,3,0,1,4,1,3,0,0,1,2,1,0,0,1,0,0,0,0,0,1,0,0,0,0,0,0,2
442,1,0,0,2,1,0,2,4,2,1,0,1,1,3,1,0,0,0,0,0,0,0,1,1,0,0,0,0,0,1,3
443,2,0,2,0,3,2,2,4,4,2,0,0,1,3,3,1,1,2,0,0,0,2,2,1,1,1,1,1,1,1,4
444,1,0,0,2,3,0,1,4,1,3,0,0,1,2,0,0,0,0,0,0,0,0,1,0,0,0,0,2,0,0,1
445,1,0,0,0,2,2,2,4,2,1,0,1,1,3,2,0,0,1,1,0,0,2,2,1,0,1,1,0,0,0,5
446,2,0,0,0,3,0,4,4,1,1,0,0,1,3,3,1,0,1,2,0,1,2,1,2,2,1,1,1,0,0,6
447,2,0,0,0,0,0,1,4,0,2,0,0,1,3,3,0,0,1,2,1,1,2,1,2,2,1,1,1,0,1,7
448,2,0,1,0,2,0,3,4,1,1,0,0,1,3,3,0,0,1,3,1,1,2,1,2,2,1,1,1,0,2,7
449,0,0,0,1,3,2,3,4,1,2,0,1,1,3,2,1,0,2,1,0,0,2,1,1,1,1,0,0,0,1,6
450,1,0,1,0,4,3,0,4,4,1,0,1,1,3,3,1,1,1,1,0,0,2,2,1,1,1,0,0,1,1,6
451,1,0,0,1,3,2,0,4,4,1,0,1,1,3,2,0,0,2,0,0,0,2,2,1,1,1,0,3,1,0,4
452,2,0,2,2,2,1,1,4,1,1,0,1,1,2,1,0,0,0,0,0,0,0,1,1,0,1,0,2,1,0,2
453,1,1,0,2,1,0,1,4,2,2,0,0,0,2,1,0,0,0,1,0,1,0,1,2,1,0,0,0,0,0,4
454,2,0,0,0,4,2,3,4,2,1,0,1,1,3,3,1,1,1,1,1,1,2,2,2,1,1,1,1,1,1,6
455,1,0,0,0,4,3,3,3,4,1,0,1,1,3,3,0,0,0,0,0,1,1,2,1,1,1,1,3,1,1,4
456,2,0,0,1,3,1,3,4,1,1,0,1,1,3,2,0,0,2,1,0,0,2,1,2,1,0,0,1,0,1,5
457,2,0,1,0,3,2,2,4,4,2,0,1,1,3,3,1,0,0,0,0,0,0,1,1,0,1,1,2,1,1,2
458,1,1,0,1,0,0,2,4,1,3,0,0,1,3,2,0,0,2,1,0,0,1,0,1,1,0,0,0,0,1,2
459,1,0,0,2,0,0,0,4,0,3,0,0,0,0,0,0,0,0,0,0,0,0,0,1,0,0,0,0,0,0,1
460,0,1,0,0,3,2,0,4,2,1,0,0,1,3,3,0,0,1,1,0,0,2,1,2,2,0,0,0,0,0,4
461,0,0,1,0,4,3,3,4,4,0,0,1,1,3,3,1,0,1,0,0,0,2,2,1,0,1,0,0,0,1,4
462,0,0,0,0,3,1,0,4,2,1,0,0,1,3,2,0,0,1,1,0,0,2,2,2,2,1,0,0,0,1,5
463,0,1,0,0,2,2,2,4,1,2,0,0,0,3,2,0,0,1,2,0,1,2,1,2,2,0,0,0,0,0,6
464,1,0,1,0,3,1,0,4,1,1,0,1,1,3,3,1,0,1,2,1,0,2,2,2,2,0,0,1,0,1,5
465,0,0,0,0,3,2,3,3,4,2,0,1,1,3,2,0,0,1,1,0,0,2,2,1,1,0,0,0,1,1,3
466,0,0,1,0,2,3,2,4,2,1,0,0,1,3,3,0,0,1,2,1,1,2,1,2,2,1,0,1,0,0,5
467,1,0,0,0,3,2,3,4,2,2,0,0,1,3,3,1,0,1,1,0,0,2,2,1,1,1,0,1,1,1,5
468,1,0,0,0,1,0,0,4,0,3,0,0,0,3,3,0,0,1,3,0,1,1,1,1,1,0,0,0,0,1,5
469,1,1,0,1,2,0,2,4,4,1,0,2,2,2,2,0,0,0,1,0,0,1,1,1,1,0,0,0,0,0,3
470,1,1,0,2,2,0,2,4,0,3,0,0,0,2,1,0,0,0,0,0,0,0,0,1,0,0,0,0,0,1,2
471,1,1,1,2,3,2,0,4,2,1,0,0,1,3,2,0,0,2,1,0,1,0,0,1,1,0,0,0,0,1,3
472,1,0,1,1,2,2,2,3,3,1,0,0,1,3,2,0,0,2,0,0,0,0,1,1,0,0,0,0,1,1,2
473,2,0,1,2,3,2,0,3,4,1,0,2,2,3,2,0,0,1,1,0,0,0,2,1,1,0,0,1,1,2,2
474,1,1,1,2,3,3,3,4,2,1,0,0,1,2,2,0,0,1,0,0,1,0,1,1,0,0,0,0,0,1,1
475,1,1,1,2,1,0,2,0,1,1,1,0,0,2,3,0,0,0,0,0,1,0,1,1,0,0,0,1,0,1,2
476,1,1,0,0,3,1,0,4,2,1,0,0,2,3,3,1,0,1,3,0,1,2,2,2,2,1,1,0,0,1,7
477,2,0,2,2,0,0,1,4,3,1,0,0,0,1,0,0,0,0,0,0,0,0,0,1,0,0,0,0,1,1,1
478,2,1,2,2,1,0,2,3,2,1,0,0,0,1,0,0,0,0,0,0,0,0,0,1,0,0,0,0,0,1,1
479,1,1,0,1,0,0,2,4,4,1,0,1,1,3,2,1,0,0,3,0,1,2,1,2,2,0,1,0,0,0,7
480,2,0,1,1,0,0,2,4,4,1,0,1,1,2,2,0,0,2,0,0,0,0,1,1,0,0,0,1,0,1,3
481,2,0,0,1,2,1,3,4,0,1,0,0,0,3,2,0,0,2,2,0,1,2,1,2,2,0,0,1,0,1,6
482,1,0,0,0,2,1,3,4,1,2,0,0,0,3,2,0,0,2,0,0,0,0,2,1,0,0,0,1,0,1,1
483,1,1,1,1,3,1,3,4,2,1,0,0,1,3,3,0,0,0,2,0,1,2,1,2,2,0,1,1,0,1,7
484,1,1,0,1,3,1,2,4,2,1,0,0,1,3,2,0,0,2,0,0,0,0,1,1,0,0,0,1,0,1,1
485,1,0,1,1,3,3,0,4,4,1,0,1,1,3,3,1,0,0,0,0,1,0,2,1,0,1,1,3,1,1,1
486,2,0,1,0,3,1,3,4,3,1,0,0,2,3,3,1,1,1,3,0,0,2,2,2,2,1,0,1,1,1,7
487,1,1,1,0,3,3,3,4,3,1,0,1,1,3,3,1,0,2,3,0,0,2,1,2,2,1,1,0,0,0,7
488,2,0,0,1,3,1,0,4,2,3,0,0,0,3,2,1,0,2,3,1,0,0,1,2,1,0,1,3,1,1,4
489,1,1,1,1,4,3,2,0,4,2,0,1,1,3,3,1,0,0,0,0,0,1,1,1,1,0,0,0,0,1,4
490,1,0,1,2,3,2,2,3,4,2,0,0,1,3,2,1,0,2,0,1,1,0,1,1,1,0,0,0,0,1,1
491,2,0,0,0,3,2,2,3,4,2,0,0,1,3,3,1,1,1,3,1,1,2,1,2,2,0,0,0,0,2,7
492,2,1,1,0,3,3,0,3,3,3,0,1,1,3,3,1,1,1,3,1,1,2,1,2,2,1,0,0,0,0,7
493,2,1,1,1,3,1,2,4,3,2,0,1,1,3,3,1,0,0,0,0,0,0,0,1,1,0,0,0,0,1,1
494,2,1,1,2,2,1,2,4,2,1,0,0,0,2,1,0,0,0,0,0,0,0,1,1,0,1,0,0,0,1,1
495,2,1,1,2,1,0,2,4,0,1,1,0,1,2,2,0,0,0,0,0,1,0,1,1,1,0,0,0,0,1,1
496,2,1,1,2,1,0,2,4,1,1,1,0,1,2,2,0,0,0,0,0,0,0,1,1,0,0,0,0,0,0,1
497,2,1,0,2,0,0,2,4,1,3,1,0,0,0,0,0,0,0,0,0,0,0,1,1,0,0,0,0,0,1,1
498,2,1,1,2,2,1,2,4,4,3,0,0,1,1,1,0,0,0,0,0,0,0,1,1,0,0,0,0,0,0,1
499,1,1,0,2,2,1,2,4,2,2,0,1,1,2,1,0,0,2,0,0,0,0,0,1,1,0,0,0,0,1,4
500,1,0,0,2,2,1,2,4,1,1,1,0,0,2,1,0,0,0,1,0,0,0,1,1,1,1,0,2,0,1,3
501,2,0,1,0,3,1,2,4,2,2,0,0,1,3,2,0,0,1,1,0,1,2,2,1,1,1,1,1,0,0,6
502,2,0,1,0,4,2,3,4,2,1,0,1,1,3,3,1,1,1,0,0,0,2,2,1,0,1,1,0,1,1,5
503,1,0,0,0,3,3,3,3,4,1,0,1,1,3,2,0,0,1,1,1,1,2,2,1,0,1,1,1,0,1,5
504,2,0,0,0,4,3,3,4,2,1,0,0,1,3,3,1,1,1,2,1,1,2,1,2,2,1,1,1,0,0,7
505,1,0,0,2,2,1,2,4,1,2,0,0,0,2,2,0,0,0,0,0,0,0,1,1,0,1,0,1,1,1,2
506,1,0,1,0,3,2,0,4,1,1,0,0,1,3,2,0,0,1,2,0,1,2,1,2,1,1,1,1,0,1,6
507,1,1,1,1,3,2,3,4,3,1,0,1,1,3,3,1,0,2,1,0,1,2,1,1,2,0,1,0,0,0,6
508,1,1,0,0,3,1,2,4,4,1,0,1,1,3,2,0,0,1,3,1,1,2,1,2,2,1,1,0,0,0,7
509,2,1,1,0,3,2,0,4,2,0,0,1,1,3,3,1,1,1,1,0,1,2,1,2,1,0,1,0,0,0,6
510,2,0,1,0,5,4,3,3,4,1,0,1,1,3,3,1,0,1,2,1,1,2,1,1,1,1,1,1,0,1,6
511,0,0,1,1,4,2,0,4,4,0,0,1,1,3,3,0,0,2,0,0,0,2,2,1,0,0,1,0,1,1,4
512,0,0,0,1,3,2,0,4,2,1,0,1,1,3,3,1,0,2,2,0,0,2,1,1,1,1,1,0,1,1,6
513,1,0,0,0,3,1,3,4,4,1,0,1,1,3,3,1,1,1,1,1,0,2,2,1,1,1,1,1,0,1,5
514,2,0,2,2,3,1,2,4,2,2,0,0,0,3,2,0,0,0,0,0,0,0,1,1,1,1,0,1,0,2,3
515,1,0,0,0,4,2,3,4,4,1,0,1,1,3,3,0,0,1,2,0,1,2,1,1,1,0,1,0,0,0,5
516,0,1,1,1,4,4,3,3,4,1,0,1,1,3,3,0,0,2,1,0,1,2,1,1,1,0,1,0,0,0,4
517,2,1,0,0,5,4,3,3,4,1,0,1,1,3,3,1,1,0,5,1,1,2,1,2,2,1,1,0,0,0,7
518,0,0,1,2,2,1,2,4,4,0,0,1,1,2,1,0,0,0,0,0,0,0,1,1,0,1,0,0,1,0,2
519,2,0,0,1,3,2,0,4,4,0,0,1,1,2,2,0,0,2,1,0,0,2,2,1,1,1,1,0,1,1,5
520,0,0,0,0,4,2,0,4,4,2,0,1,1,3,3,1,0,1,1,1,0,2,1,1,1,1,1,1,0,1,4
521,0,0,0,1,3,2,2,4,1,1,0,0,1,3,3,0,0,2,2,0,0,2,1,1,1,0,0,0,0,1,5
522,2,0,2,2,2,1,2,4,2,3,0,0,0,2,1,0,0,0,0,0,0,0,1,1,0,0,0,2,1,1,3
523,1,0,0,0,3,2,3,4,1,2,0,0,1,3,3,1,0,1,0,0,0,2,2,1,1,1,1,1,1,1,4
524,0,0,0,0,1,1,2,4,1,1,0,0,0,3,2,0,0,1,2,1,1,2,1,2,2,1,1,1,0,1,5
525,1,0,1,1,3,1,3,4,4,1,0,0,1,3,3,1,0,2,0,0,0,2,2,1,1,0,0,0,0,1,4
526,2,0,1,1,3,1,0,4,3,1,0,0,1,3,3,0,0,2,2,0,0,2,2,1,1,0,1,0,1,1,6
527,2,0,0,0,2,1,2,4,1,1,0,1,1,3,3,1,0,1,1,0,0,2,2,1,1,1,1,1,0,1,5
528,1,0,0,0,3,1,2,4,4,1,0,1,1,3,3,0,0,1,1,1,1,2,2,1,1,1,1,1,0,1,5
529,1,0,1,0,4,2,0,4,2,1,0,0,1,3,3,1,0,1,0,0,0,2,2,1,1,1,1,1,1,1,4
530,1,1,0,0,3,3,3,4,4,1,0,1,1,3,3,1,1,1,2,1,1,2,1,2,2,1,1,0,0,0,6
531,1,0,0,0,3,2,3,4,1,1,0,0,1,3,3,0,0,1,0,0,0,2,2,1,1,1,1,1,1,0,4
532,2,0,1,0,4,3,3,3,4,1,0,1,1,3,3,1,0,1,2,1,1,2,1,1,2,1,1,0,0,0,6
533,2,1,0,1,2,2,2,4,4,0,0,1,1,3,3,0,0,2,2,0,1,2,1,2,2,0,1,0,0,0,5
534,2,1,1,1,4,3,0,3,4,1,0,1,1,3,3,1,0,2,5,1,1,2,1,2,2,1,1,0,0,0,7
535,0,0,0,0,2,0,2,4,4,1,0,1,1,3,3,0,0,1,0,0,0,2,2,1,1,0,1,0,1,1,3
536,1,0,0,2,3,1,0,4,1,1,0,0,0,2,2,0,0,0,0,0,0,0,2,1,0,1,1,0,0,2,2
537,1,0,0,2,3,2,0,4,2,2,0,1,1,3,2,0,0,0,1,0,0,0,1,1,0,0,0,1,1,1,3
538,1,0,0,0,3,3,2,4,3,1,0,1,1,2,2,0,0,0,1,0,1,1,2,1,0,1,0,0,1,0,4
539,2,0,0,1,3,0,2,4,2,1,0,1,1,3,2,0,0,2,1,0,0,2,1,1,1,1,1,2,1,1,4
540,0,1,0,2,3,2,3,4,1,1,0,2,2,2,1,0,0,0,1,0,0,0,1,1,0,0,0,0,0,2,4
541,1,0,0,2,2,0,2,4,1,1,0,0,1,3,2,0,0,0,0,0,0,0,0,1,0,1,0,2,1,1,2
542,1,0,1,2,2,1,2,4,2,1,0,2,2,3,3,0,0,0,0,0,0,0,1,1,0,0,0,0,0,1,4
543,1,1,0,2,3,1,3,4,4,3,0,0,1,3,2,0,0,2,3,0,1,1,1,2,1,0,0,0,0,0,5
544,1,1,2,2,2,2,2,4,3,2,0,2,2,2,1,0,0,0,0,0,0,0,1,1,1,0,0,0,0,1,2
545,2,0,1,0,3,2,4,4,1,1,0,1,1,3,3,0,0,1,0,0,1,1,2,1,0,1,0,0,0,0,3
546,1,1,0,1,2,1,2,4,2,3,0,1,1,3,2,0,0,2,1,0,1,1,1,1,1,0,0,0,0,0,6
547,0,0,0,1,4,2,0,4,4,1,0,1,1,3,3,0,0,2,2,1,1,2,1,2,2,0,1,0,0,1,6
548,2,0,0,1,3,2,3,3,3,2,0,1,1,3,3,0,0,1,2,1,1,2,1,1,1,0,0,1,0,1,6
549,2,0,0,0,3,3,3,3,4,1,0,1,1,3,3,1,0,1,1,1,0,2,2,1,1,1,1,1,1,1,6
550,1,1,0,0,3,1,2,0,4,1,0,1,1,3,2,0,0,2,2,0,1,1,1,1,1,1,0,0,0,1,4
551,2,0,0,2,3,1,0,4,2,2,0,1,1,2,1,0,0,0,0,0,0,0,2,1,0,1,0,0,1,1,4
552,1,1,2,2,2,1,2,4,3,2,0,0,0,2,2,0,0,0,1,0,1,1,1,2,1,0,0,0,0,0,5
553,2,0,1,2,3,3,3,3,4,2,0,1,1,2,2,0,0,0,0,0,0,0,2,1,0,1,0,2,1,2,3
554,2,0,0,2,3,2,0,4,4,1,0,0,1,3,2,0,0,0,1,0,0,2,2,1,1,1,0,0,1,1,5
555,0,0,1,1,3,2,2,4,4,1,0,0,2,3,1,0,0,2,1,0,0,2,2,1,1,0,0,0,0,0,4
556,0,1,0,1,4,3,0,3,4,1,0,1,1,3,3,0,0,2,2,0,0,2,1,2,2,0,0,0,0,0,6
557,0,0,0,1,3,1,3,4,1,1,0,1,1,2,3,0,0,2,3,0,0,2,1,2,2,1,0,0,0,1,7
558,0,0,0,1,4,2,0,4,4,2,0,1,1,3,3,0,0,2,0,0,0,2,2,1,1,0,0,0,1,2,4
559,0,0,1,1,3,3,3,3,4,1,0,1,1,3,2,0,0,2,1,0,0,2,2,1,1,1,0,0,1,1,6
560,2,0,0,0,3,2,3,4,4,1,0,1,1,3,2,0,0,2,1,0,1,0,1,1,1,0,0,1,0,1,4
561,2,0,0,0,4,3,3,3,4,1,0,1,1,3,3,1,1,1,2,1,1,2,2,1,1,1,1,1,1,1,6
562,2,0,1,1,4,3,3,3,4,0,0,1,1,3,3,1,0,2,1,0,0,2,1,2,1,1,1,0,0,0,5
563,1,0,0,0,3,1,0,4,2,1,0,1,1,3,3,1,1,1,2,1,1,2,1,2,1,1,1,1,0,1,7
564,2,0,1,0,3,2,4,4,1,1,0,1,1,3,3,1,0,1,1,0,0,2,2,1,1,1,1,1,1,1,4
565,2,0,0,2,3,1,0,4,2,0,0,1,1,3,1,0,0,0,0,0,0,0,2,1,0,0,0,0,1,1,3
566,1,0,0,0,3,2,2,4,4,1,0,0,1,3,2,0,0,2,2,0,0,2,2,2,1,1,0,1,0,0,5
567,2,0,0,0,3,1,3,4,4,2,0,0,0,3,2,0,0,1,2,0,0,2,2,2,1,1,1,1,0,1,6
568,1,0,0,0,4,2,3,4,4,3,0,1,1,3,3,1,0,1,1,1,1,2,1,1,1,1,1,1,0,1,5
569,2,0,0,1,3,3,3,4,3,0,0,1,1,3,3,0,0,2,1,0,0,2,1,1,0,0,0,0,1,0,4
570,2,0,0,2,2,1,2,4,1,1,0,1,1,2,1,0,0,0,0,0,0,0,1,1,0,0,0,0,0,2,4
571,1,0,0,1,3,2,0,4,2,1,0,1,1,3,3,0,0,2,1,0,0,2,1,2,1,0,1,0,1,1,5
572,1,0,1,1,3,1,3,4,3,1,0,1,1,3,3,0,0,2,2,0,0,2,1,2,2,1,1,0,0,0,6
573,1,1,0,0,3,2,3,4,4,2,0,1,1,3,3,1,1,0,5,0,1,2,1,2,2,1,1,0,0,0,7
574,1,1,1,0,4,3,3,4,4,0,0,1,1,3,3,0,0,0,2,0,1,2,1,1,1,0,1,1,0,0,6
575,2,0,0,0,3,1,3,4,1,1,0,0,1,3,3,0,0,1,1,0,0,2,2,1,1,1,1,1,0,1,4
576,2,0,0,0,2,1,2,4,1,0,0,0,1,3,3,0,0,1,3,1,1,2,1,2,2,1,1,1,0,0,6
577,0,0,0,1,3,2,0,4,2,0,0,1,1,3,3,0,0,2,0,0,0,2,2,2,1,0,0,0,0,1,4
578,2,1,2,0,3,1,2,4,1,1,0,0,0,3,2,0,0,1,5,0,1,2,1,2,2,0,1,1,0,0,6
579,2,0,0,2,2,1,2,4,2,1,0,1,1,3,1,0,0,0,0,0,0,0,1,1,0,1,0,1,1,2,3
580,2,0,0,2,3,2,2,4,4,1,0,1,1,3,2,0,0,0,0,0,0,0,1,1,0,0,0,2,1,1,3
581,2,0,1,2,3,2,0,4,3,1,0,1,1,3,1,0,0,0,0,0,0,0,1,1,0,0,0,0,1,1,2
582,2,0,1,2,3,2,2,4,4,0,0,1,1,2,1,0,0,0,0,0,0,0,1,1,0,1,0,2,1,1,2
583,1,0,0,1,3,3,0,3,4,1,0,1,1,2,2,0,0,2,2,0,0,2,1,2,1,0,1,0,0,1,5
584,1,0,1,1,3,3,0,0,3,1,0,1,1,3,2,1,0,0,1,0,0,1,1,1,0,1,0,0,0,2,4
585,1,0,0,1,3,2,2,4,2,2,0,0,2,3,2,0,0,2,0,0,0,0,1,1,0,1,0,1,1,1,6
586,1,1,1,1,3,2,2,4,3,2,0,1,1,3,3,0,0,1,1,0,1,1,1,1,1,1,0,0,0,1,7
587,1,1,0,0,1,1,2,4,2,1,0,2,2,3,3,0,0,2,0,1,0,0,1,1,1,0,0,0,0,1,4
588,1,1,0,2,2,0,0,4,1,2,0,1,1,3,2,0,0,2,3,0,1,0,1,2,2,0,0,2,0,1,6
589,1,0,2,2,0,0,2,4,2,3,0,0,0,3,2,0,0,1,2,0,0,0,0,1,0,0,0,1,0,1,4
590,1,1,0,2,2,0,0,4,2,2,0,0,0,2,2,0,0,0,0,0,0,0,0,1,0,0,0,0,0,0,3
591,1,0,1,0,3,1,3,4,1,3,0,2,2,3,2,0,0,1,1,0,0,1,1,1,1,0,0,0,0,1,4
592,1,1,0,0,3,2,3,2,3,2,0,1,1,3,3,1,0,0,2,0,1,2,1,1,1,0,0,0,0,1,6
593,1,1,0,2,2,1,3,4,2,3,0,0,0,3,2,0,0,0,1,1,0,0,0,1,0,0,0,0,0,1,3
594,1,1,0,2,1,0,2,4,1,3,0,0,0,3,2,0,0,1,1,0,0,0,1,0,1,0,0,3,0,1,3
595,1,1,2,2,2,0,0,4,1,2,0,0,0,3,1,0,0,0,0,1,0,0,0,1,1,0,0,1,0,1,3
596,1,1,2,2,1,0,2,4,1,2,1,1,1,2,2,0,0,0,1,0,0,0,1,0,0,0,0,0,0,1,2
597,1,1,0,2,1,0,0,4,1,2,0,1,1,2,2,0,0,0,0,1,0,0,0,1,1,0,0,0,0,1,3
598,1,1,2,2,0,0,2,0,1,1,0,1,1,2,2,0,0,0,0,0,0,0,0,1,1,0,0,1,0,1,4
599,1,0,1,2,2,1,0,0,2,2,0,0,0,2,1,0,0,0,0,0,0,0,1,0,1,0,0,0,1,1,2
600,1,1,0,2,1,1,0,0,1,2,0,0,0,2,2,0,0,0,0,1,0,0,0,1,1,0,0,1,0,1,4
601,1,1,2,1,3,1,3,0,2,2,0,0,1,3,2,1,0,0,1,0,0,1,1,1,1,0,0,2,0,1,1
602,1,0,0,2,3,3,2,2,0,1,0,1,1,3,2,1,0,1,0,0,0,1,0,0,0,0,0,0,1,1,3
603,1,0,2,1,1,1,2,4,1,1,0,0,1,2,2,0,0,1,5,1,1,2,1,2,2,1,1,3,0,1,7
604,1,0,0,1,4,3,3,3,4,1,0,2,0,3,2,0,0,2,1,0,0,2,2,1,1,0,0,0,1,0,4
605,1,0,0,0,2,1,3,4,1,3,0,1,1,3,3,1,0,1,0,0,0,1,1,2,1,0,1,0,1,2,6
606,1,0,0,1,2,2,2,4,1,1,0,0,1,3,1,0,0,1,2,1,0,2,2,1,1,1,1,1,0,1,5
607,0,1,0,0,2,3,2,4,3,3,0,1,2,3,3,0,0,2,2,0,0,2,1,1,1,0,0,0,0,1,1
608,1,0,0,1,3,0,3,4,0,2,0,2,1,2,1,0,0,2,0,1,1,0,2,1,1,1,1,1,1,2,3
609,2,1,2,2,3,1,3,4,2,1,0,1,2,3,3,1,0,0,1,1,0,2,1,1,2,0,0,0,0,1,6
610,0,1,0,0,4,3,0,0,1,0,0,1,1,3,2,0,0,2,5,0,0,1,1,2,1,0,0,0,0,1,1
611,1,0,0,2,2,1,2,2,0,1,0,0,1,2,3,0,0,3,2,1,0,2,0,1,1,0,0,0,0,1,3
612,1,1,0,1,3,4,2,3,2,1,2,1,1,3,2,0,0,0,2,1,1,1,2,1,1,1,1,1,0,1,6
613,0,0,2,0,3,2,2,4,1,0,0,0,2,3,3,0,0,2,3,1,0,2,1,2,2,0,0,2,0,1,4
614,1,1,0,1,2,1,2,4,3,2,0,1,1,3,2,0,0,2,2,0,1,2,1,1,1,1,0,0,0,1,5
615,1,0,0,2,3,3,0,0,2,1,0,1,1,3,3,1,0,2,0,0,0,2,0,0,0,0,0,0,0,1,3
616,0,1,0,1,2,1,0,4,1,3,0,1,1,2,3,0,0,1,2,1,1,2,1,1,2,0,0,0,0,0,3
617,1,1,2,1,2,1,2,4,2,1,0,2,1,3,3,0,0,0,2,0,1,0,2,1,1,0,0,0,0,0,4
618,1,1,1,1,2,1,2,4,4,1,0,2,1,3,2,0,0,0,1,1,1,2,2,2,1,1,1,1,0,0,5
619,1,0,1,2,3,3,2,0,0,1,0,1,0,3,3,1,0,1,0,0,0,2,0,0,0,0,0,1,1,1,3
620,1,0,0,1,0,0,2,4,0,1,0,0,1,2,1,0,0,0,0,0,0,0,1,1,0,1,0,0,1,1,3
621,0,1,0,1,2,2,2,4,1,3,0,1,2,3,3,0,0,2,1,0,1,1,1,1,2,1,0,1,0,1,1
622,0,1,0,0,3,2,0,4,1,2,0,2,1,3,3,1,0,2,2,0,0,2,1,1,1,0,1,0,0,1,2
623,2,0,0,2,2,1,2,4,1,1,0,1,1,3,2,0,0,0,0,0,0,0,1,1,0,1,0,0,1,2,2
624,1,0,0,1,1,2,2,4,0,1,0,1,1,3,3,0,0,3,2,1,1,2,1,2,2,1,1,0,0,1,5
625,1,1,1,1,4,3,3,4,4,1,0,2,2,3,3,0,0,0,1,1,1,2,1,1,2,1,1,0,0,1,6
626,1,1,0,2,3,2,2,2,1,2,0,1,1,2,3,0,0,2,0,0,0,1,0,1,1,1,1,1,0,1,1
627,2,0,0,1,3,1,3,4,2,1,0,1,1,3,3,1,1,1,1,1,1,2,2,1,1,1,1,3,0,1,6
628,1,0,0,1,4,3,2,4,4,2,0,2,1,3,3,1,0,1,2,1,0,2,2,1,1,1,1,0,0,1,6
629,1,1,1,1,2,2,2,4,4,1,0,1,1,3,2,0,0,0,1,0,1,2,2,1,1,1,1,0,0,0,5
630,0,0,0,2,4,4,3,3,2,1,0,1,1,3,3,1,1,2,1,1,1,2,2,1,2,0,0,0,0,1,6
631,2,0,0,2,1,1,2,4,2,3,0,2,1,3,3,1,1,1,3,1,1,2,1,2,2,1,1,0,0,1,7
632,1,0,0,2,1,1,2,4,0,1,0,0,0,2,2,0,0,2,1,0,0,2,1,1,1,0,1,0,0,1,5
633,0,0,0,2,2,2,2,4,0,1,0,0,0,3,3,0,0,2,1,0,0,2,0,0,0,0,0,0,0,1,3
634,1,0,0,2,3,3,3,4,2,1,0,2,1,3,3,0,0,1,3,1,1,1,2,1,1,1,1,3,0,1,7
635,2,0,0,2,2,1,2,4,0,1,0,0,2,3,3,0,0,1,1,1,1,2,2,2,2,1,1,1,0,2,6
636,1,0,0,1,3,1,2,4,0,2,0,0,2,3,3,0,0,2,0,1,0,1,1,2,2,1,1,3,0,1,1
637,1,0,0,1,2,2,3,4,1,2,0,1,1,3,3,0,1,1,1,0,0,2,2,1,1,1,0,0,1,2,6
638,2,0,0,1,1,1,2,4,3,1,0,0,0,3,2,0,0,0,2,0,1,2,1,2,2,0,0,0,0,0,5
639,0,1,0,1,3,0,4,4,4,3,0,1,1,2,3,0,0,1,1,0,0,1,1,1,1,0,0,0,0,0,3
640,0,0,0,0,2,2,2,4,0,2,0,0,2,2,3,0,0,0,1,0,0,2,1,1,1,0,0,0,0,1,3
641,0,0,0,0,2,2,2,4,0,1,0,0,2,3,3,0,0,2,2,0,1,2,1,1,1,0,1,0,0,1,3
642,1,0,0,0,2,2,0,4,1,1,0,2,2,3,3,0,0,2,1,1,1,2,2,1,1,1,1,1,0,1,5
643,2,0,1,1,3,2,2,4,1,3,0,1,0,3,3,0,0,1,2,1,1,2,0,1,2,1,1,2,1,2,7
644,1,1,0,2,0,1,0,4,1,2,0,0,1,3,2,0,0,2,2,1,0,2,1,1,1,1,0,0,0,1,5
645,1,1,0,2,3,1,2,4,0,1,0,2,0,2,3,0,0,0,1,1,1,2,1,2,2,1,0,0,0,1,7
646,2,0,2,1,4,4,3,4,4,1,0,1,2,3,3,1,1,1,1,1,1,2,2,1,1,1,0,2,0,1,5
647,3,0,2,0,2,0,0,4,0,0,0,0,1,3,2,0,0,0,0,1,1,2,2,2,1,1,1,1,0,1,5
648,1,0,0,1,4,2,2,4,1,3,0,1,1,3,3,1,0,2,0,1,1,1,1,2,2,1,1,2,1,1,1
649,1,0,1,0,3,3,3,3,1,1,0,1,2,3,3,1,0,1,2,1,0,2,2,1,1,1,1,0,1,2,6
650,0,1,0,1,3,2,0,4,0,2,0,0,2,2,3,0,0,2,0,0,0,2,0,1,0,0,0,0,0,0,5
651,1,1,1,2,0,0,2,4,4,3,0,0,1,3,2,0,0,0,1,0,1,0,0,1,1,0,0,0,0,1,2
652,1,1,0,0,3,3,0,4,1,2,0,1,0,2,3,0,0,2,0,0,0,1,0,0,0,0,1,0,0,1,1
653,1,0,0,0,3,2,0,4,2,1,0,2,1,3,3,1,0,2,0,0,0,2,1,1,1,0,0,0,0,1,6
654,1,0,0,0,3,3,0,4,1,2,0,1,1,3,3,0,0,2,0,0,1,1,1,0,0,0,1,0,0,1,1
655,1,1,0,0,3,3,3,4,1,3,0,2,0,3,3,0,1,1,1,0,1,2,0,1,1,0,1,1,0,1,6
656,1,0,1,0,4,2,4,4,0,2,0,0,1,3,2,0,0,0,1,1,1,2,2,1,1,1,1,1,0,1,5
657,1,0,0,0,2,1,2,4,0,0,0,1,2,3,2,0,0,1,1,0,0,2,1,1,0,0,0,1,0,0,4
658,1,0,0,0,0,0,2,4,0,1,0,0,1,3,3,0,0,2,2,1,1,2,1,2,2,0,0,0,0,1,7
659,0,1,0,1,3,3,2,4,3,2,0,1,1,2,3,0,0,2,1,0,0,1,0,1,1,0,0,0,0,1,1
660,2,0,0,2,4,2,4,4,0,1,0,1,1,3,2,0,0,0,1,0,1,1,1,1,1,0,0,1,1,1,4
661,2,0,0,0,2,1,0,4,1,0,0,1,0,2,2,0,0,3,2,1,1,2,1,2,1,0,0,1,0,1,5
662,1,1,1,2,0,0,4,4,0,1,0,0,0,2,1,0,0,0,0,0,0,0,1,1,0,1,0,0,0,1,3
663,1,1,0,0,4,4,3,3,4,1,0,1,1,3,3,0,1,1,2,0,1,2,1,1,2,1,1,0,0,1,6
664,1,0,0,0,3,2,4,4,0,3,1,1,1,3,3,1,0,1,0,0,0,2,2,1,2,1,1,0,0,1,7
665,1,1,0,0,3,3,2,4,2,3,0,2,2,3,3,0,0,1,0,1,1,2,1,1,1,1,1,0,0,1,6
666,1,0,0,2,1,0,3,4,1,1,0,2,2,3,3,1,1,1,0,1,0,2,1,1,0,1,1,0,0,1,7
667,1,1,0,2,4,3,0,4,1,0,0,2,2,3,3,0,1,1,1,1,1,2,1,1,2,1,0,1,0,0,4
668,0,1,0,2,1,2,2,4,1,2,0,1,1,3,3,0,0,2,1,0,1,1,1,0,1,0,0,0,0,1,1
669,1,1,0,0,0,0,2,4,0,0,0,0,1,2,3,0,0,2,2,0,0,1,1,1,1,1,1,0,0,1,1
670,1,0,0,2,3,1,0,4,2,2,0,2,2,2,3,0,0,2,1,0,1,2,2,1,1,1,1,0,0,1,5
671,1,0,0,0,2,2,4,4,1,1,0,1,1,3,2,1,0,2,1,1,0,2,1,1,2,1,1,0,0,1,6
672,1,0,0,2,4,3,4,4,0,2,0,0,0,3,3,0,0,1,2,0,0,2,1,1,0,1,0,0,0,0,4
673,1,0,0,0,3,3,4,0,1,1,0,0,2,3,3,0,0,1,0,0,1,2,0,1,1,0,0,0,0,1,5
674,0,1,0,0,0,1,2,4,0,0,0,0,1,2,3,0,0,1,1,1,1,2,2,2,2,0,1,0,0,1,4
675,1,0,1,0,4,2,3,4,0,1,0,1,1,3,2,0,0,0,0,0,1,2,0,2,2,0,1,0,0,1,4
676,0,0,0,0,3,3,0,4,2,1,0,0,1,2,3,0,0,2,1,0,0,2,1,1,1,0,0,0,0,0,4
677,0,1,0,0,3,2,2,4,1,3,0,1,1,3,3,0,0,2,0,0,1,1,1,1,2,1,0,3,0,1,1
678,1,0,0,1,0,1,2,4,0,2,0,0,1,3,3,1,0,1,3,1,1,2,2,2,2,1,1,1,0,2,5
679,1,0,0,0,3,1,3,4,1,1,1,1,1,3,3,0,0,2,3,1,1,2,1,2,2,1,1,1,0,1,7
680,2,0,0,0,3,4,2,3,1,2,0,0,2,3,2,1,0,2,0,0,0,1,1,1,0,0,0,0,1,2,7
681,1,0,0,1,1,1,2,4,1,1,0,1,1,3,3,0,0,2,1,1,1,2,1,2,2,0,0,0,0,2,5
682,1,0,0,2,3,2,3,4,1,0,0,2,2,3,2,0,0,1,1,0,1,2,1,1,1,0,1,0,1,1,4
683,1,0,0,2,1,1,0,4,0,2,0,0,1,3,3,0,0,2,5,1,0,2,1,2,1,1,1,0,0,1,6
684,0,0,0,2,4,4,3,3,2,1,0,1,1,3,3,0,0,2,3,1,1,2,2,2,1,1,1,0,0,2,6
685,1,0,0,2,2,2,0,4,0,1,0,1,2,3,3,0,0,1,1,0,0,2,1,1,0,0,0,1,0,0,4
686,2,0,1,2,3,2,3,4,2,2,0,1,1,3,2,0,0,1,0,0,1,0,0,1,1,1,0,0,1,0,4
687,0,0,0,2,3,3,2,4,2,2,0,1,1,3,3,0,0,2,1,0,0,1,1,0,0,0,0,0,0,1,1
688,1,0,1,0,4,5,2,3,4,0,2,2,2,3,3,1,0,0,0,0,0,1,1,1,0,0,0,1,0,0,6
689,2,1,1,2,4,3,3,3,4,3,0,2,2,3,3,0,1,1,1,1,1,2,2,2,1,0,1,0,0,1,7
690,1,0,0,2,4,3,3,2,3,1,0,1,1,3,3,1,0,1,1,1,1,2,2,1,1,1,0,0,0,1,5
691,1,0,0,2,3,2,2,4,1,1,0,2,2,3,3,0,0,2,1,1,1,2,2,2,2,1,1,3,0,1,5
692,1,0,0,2,1,2,2,4,0,0,0,1,1,3,3,0,0,3,0,1,1,2,1,2,2,1,0,0,0,1,5
693,0,1,0,0,4,3,0,0,1,1,0,1,2,3,2,0,0,2,5,0,0,1,1,2,1,0,0,0,0,1,1
694,1,1,0,0,3,3,0,0,1,2,0,1,1,2,3,0,0,1,1,0,0,1,0,1,1,1,1,0,0,1,1
695,1,0,1,2,0,2,2,4,0,2,0,0,2,2,3,0,0,2,1,1,0,2,2,1,1,1,1,3,1,1,3
696,1,0,0,0,1,0,0,4,0,1,0,0,0,2,1,0,0,2,0,1,1,0,2,1,1,1,1,1,0,1,3
697,2,0,0,2,4,4,3,4,4,1,0,1,1,3,3,0,0,1,1,0,1,2,1,1,2,1,1,0,1,1,2
698,0,1,0,0,1,2,2,4,2,3,0,1,1,3,3,0,0,2,2,0,0,2,1,1,1,0,0,0,0,1,1
699,0,1,0,0,4,4,2,2,1,2,0,1,1,3,2,0,0,2,4,0,0,2,1,1,1,0,0,0,0,1,1
700,1,0,0,0,3,2,3,4,1,0,0,0,1,2,3,0,0,0,1,0,0,2,2,1,1,0,1,0,0,1,6
701,1,1,0,0,3,2,2,4,1,2,0,1,1,2,3,0,0,2,0,0,0,1,0,1,1,1,1,1,0,1,1
702,0,0,0,2,2,1,4,4,0,0,0,2,2,3,3,0,0,0,1,1,1,0,1,1,1,1,1,1,1,1,2
703,1,0,0,0,2,1,4,4,1,3,0,1,1,2,3,0,0,2,3,1,0,2,2,2,1,0,0,0,0,1,6
704,1,0,1,0,2,2,2,4,1,3,0,1,1,2,3,0,0,2,1,0,0,2,1,1,1,0,0,0,0,0,3
705,1,0,0,0,2,1,4,4,0,2,0,2,2,2,2,0,0,2,1,0,0,2,2,1,1,0,1,0,0,0,5
706,1,0,0,2,4,2,3,4,2,1,0,0,2,3,3,1,0,2,1,1,1,2,2,2,1,1,1,1,0,1,6
707,1,0,0,0,1,1,4,4,0,2,1,1,1,3,3,0,1,1,2,0,1,2,1,2,1,0,1,1,0,1,7
708,0,0,0,0,2,1,2,4,1,3,0,1,1,3,1,0,0,1,1,0,0,2,2,1,0,1,0,2,1,0,4
709,1,0,1,0,0,1,2,4,1,3,0,0,0,3,3,1,0,1,1,1,1,2,2,2,2,0,0,0,0,2,6
710,0,1,1,2,0,0,2,4,0,1,0,1,2,3,3,0,0,1,1,0,1,2,1,1,1,0,1,0,0,1,5
711,2,0,0,0,3,3,0,3,4,1,0,1,1,3,2,1,0,1,3,1,1,2,1,2,2,1,1,0,0,1,7
712,1,0,0,0,2,1,0,4,0,2,0,1,2,3,3,1,1,2,0,1,1,2,1,1,2,0,1,0,1,1,6
713,0,1,0,0,3,2,2,2,1,2,0,1,1,2,3,0,0,2,0,0,0,1,0,1,1,1,1,0,0,1,1
714,2,0,0,1,3,3,2,2,1,1,1,1,1,3,2,0,0,1,0,0,0,1,2,1,0,1,1,0,0,1,3
715,1,0,0,2,3,4,4,4,0,1,0,2,2,3,3,0,1,3,1,0,1,2,1,1,1,0,1,0,0,0,5
716,1,1,1,1,3,0,2,4,0,3,0,0,1,3,2,0,0,3,0,0,1,0,0,1,0,0,0,3,0,1,3
717,2,0,0,0,3,2,0,4,1,3,0,1,1,3,3,0,0,1,0,0,0,2,1,0,0,0,0,2,0,0,6
718,1,0,0,2,1,2,2,4,1,2,0,1,1,2,3,0,0,1,1,0,0,1,0,1,1,1,0,0,0,1,1
719,2,0,0,0,2,2,2,4,2,2,0,2,2,2,2,0,0,2,1,0,1,2,1,1,1,0,0,0,0,1,1
720,1,1,1,0,4,2,3,4,0,1,0,1,1,3,2,0,0,0,0,0,0,2,1,1,0,0,0,0,0,1,4
721,1,0,0,0,3,3,0,0,1,2,0,1,1,2,2,0,0,2,2,0,0,1,0,1,1,1,0,0,0,1,1
722,1,1,0,2,1,1,2,4,0,3,0,1,1,3,3,0,0,1,2,1,0,2,1,1,1,0,1,0,0,2,6
723,1,1,0,0,3,3,2,3,2,1,0,0,1,3,3,0,0,2,2,1,0,0,1,2,1,1,1,0,1,2,4
724,1,0,0,2,0,1,4,2,0,0,0,0,0,3,3,0,0,2,1,0,1,2,1,2,2,0,0,0,0,2,5
725,1,1,0,1,4,3,3,4,1,1,0,1,1,3,3,1,1,1,5,0,0,2,1,2,2,1,1,0,0,2,7
726,2,0,1,0,3,3,0,4,1,0,0,1,1,3,1,0,0,1,1,1,1,1,0,1,1,1,1,3,0,1,3
727,0,1,0,0,3,2,3,4,0,3,0,0,1,2,3,0,0,2,1,0,1,2,1,1,1,1,1,0,0,1,3
728,0,1,0,2,4,4,2,4,3,2,0,1,1,3,2,0,0,2,2,0,0,2,1,1,1,0,0,0,0,1,1
729,1,0,0,2,4,4,4,4,0,1,1,2,2,3,3,1,0,1,0,0,0,2,2,1,0,0,0,0,0,2,4
730,0,1,0,1,4,3,3,4,1,1,0,0,1,3,3,1,0,1,2,0,0,2,1,1,1,0,0,0,0,1,5
731,1,0,0,1,2,1,2,4,1,2,0,2,2,3,3,0,0,2,0,1,1,2,1,1,1,1,1,0,0,1,6
732,1,0,1,2,4,1,3,4,0,3,0,2,2,3,3,0,0,2,1,1,0,2,1,1,1,1,1,0,0,1,2
733,0,0,0,1,3,4,3,3,2,3,0,2,1,3,3,1,0,1,1,1,1,2,1,1,2,1,1,0,0,0,4
734,2,1,0,0,2,2,2,4,1,2,0,1,1,3,3,0,0,2,0,0,1,1,1,0,0,0,0,0,0,1,1
735,0,1,0,0,2,2,4,0,0,1,0,0,0,2,3,0,0,2,2,1,1,2,1,1,1,1,1,0,0,1,4
736,0,0,0,1,3,3,0,4,0,1,0,2,2,3,3,1,0,1,0,1,1,2,1,1,1,0,1,0,0,1,7
737,0,1,0,2,3,3,2,0,1,1,0,1,1,3,3,1,0,1,0,0,0,2,2,1,1,0,1,0,0,2,7
738,1,0,0,2,4,4,2,4,4,0,0,1,1,3,3,1,0,1,0,1,1,2,1,1,1,1,0,0,0,1,6
739,1,0,1,2,0,1,2,4,1,2,0,1,1,3,3,0,0,2,2,0,0,2,1,1,2,1,0,0,0,1,1
740,1,1,0,2,3,1,4,4,2,2,0,1,1,3,3,0,0,1,0,1,1,2,1,0,0,1,0,0,0,0,4
741,1,0,0,2,2,1,2,4,3,2,0,1,1,3,3,1,1,2,1,1,1,2,1,1,0,1,1,2,1,1,7
742,1,1,0,0,2,1,2,4,3,1,0,0,0,2,2,0,0,2,0,0,0,1,1,1,0,0,0,0,0,0,3
743,0,1,0,1,1,1,2,4,4,0,0,0,0,2,3,0,1,1,1,0,1,2,1,1,1,0,1,1,0,1,6
744,1,0,0,1,3,2,3,4,1,3,0,0,1,3,2,0,0,0,0,0,1,0,0,1,1,0,0,2,0,2,3
745,1,0,0,1,4,3,0,0,1,1,0,1,2,3,2,0,0,2,5,0,0,1,1,2,1,0,0,0,0,1,1
746,1,0,0,2,3,3,2,2,2,2,0,1,1,2,3,0,0,2,1,0,0,1,0,1,1,0,0,0,0,1,1
747,1,1,0,0,3,1,3,4,1,1,0,1,1,3,3,0,0,2,1,0,1,2,2,1,1,1,1,0,0,1,6
748,0,1,0,2,3,3,2,4,3,2,0,1,1,3,3,0,0,0,2,0,1,2,1,2,2,0,0,0,0,1,4
749,1,0,0,2,3,3,0,2,1,2,0,1,1,2,3,0,0,2,0,0,0,1,0,0,0,0,1,0,0,1,1
750,0,0,0,2,4,2,2,4,2,2,0,1,1,2,2,0,0,0,0,0,0,2,1,1,0,0,0,0,0,1,1
751,1,1,2,2,2,1,2,4,0,2,0,0,1,3,3,0,0,1,3,0,1,1,1,1,2,0,0,0,0,0,5
752,0,0,0,1,3,2,0,4,2,1,0,0,0,3,3,0,0,1,5,1,1,2,1,2,2,1,1,1,0,2,6
753,1,1,1,0,3,3,4,4,0,1,0,2,2,3,3,0,1,3,0,0,0,2,1,1,0,0,1,0,0,0,5
754,0,1,0,1,1,0,0,4,0,2,0,1,1,2,3,0,0,2,2,0,0,2,2,2,1,1,0,0,0,2,5
755,0,1,0,1,2,1,2,4,0,2,0,0,1,2,3,0,0,3,1,0,0,2,2,1,1,0,1,1,0,1,5
756,1,0,0,1,1,1,4,4,2,2,1,2,2,3,3,0,1,1,2,1,1,2,1,2,1,1,1,1,0,1,7
757,0,1,0,0,4,3,0,0,2,1,2,1,1,2,3,0,0,2,2,1,1,2,1,1,1,1,0,0,1,1,3
758,1,1,0,0,3,4,0,4,3,2,0,2,2,3,3,0,1,0,0,0,0,2,2,1,1,1,1,0,0,1,6
759,0,0,0,1,2,1,2,4,1,1,0,2,2,3,3,0,0,1,5,0,0,0,1,0,0,1,1,1,1,1,7
760,0,1,0,0,3,3,0,4,3,2,0,0,1,3,2,0,0,2,0,0,1,1,1,1,1,0,0,0,0,1,3
761,2,0,0,0,4,1,2,4,4,2,0,2,2,2,3,0,0,0,1,1,1,2,1,2,2,1,0,3,0,1,4
762,1,1,0,0,3,2,3,4,1,2,0,1,1,3,3,0,0,2,0,0,0,2,1,1,0,0,1,3,1,1,6
763,1,0,0,1,3,2,0,4,1,2,0,1,1,2,2,0,0,0,0,0,1,1,1,0,0,0,1,0,0,1,1
764,1,0,2,2,4,4,3,3,4,2,0,0,1,3,3,1,1,2,2,1,1,2,1,1,1,1,1,3,0,1,7
765,1,0,1,0,4,3,3,4,4,1,0,2,2,3,3,0,1,1,1,0,0,2,1,1,2,0,0,0,0,1,5
766,1,0,0,0,1,1,4,4,0,2,0,1,1,2,3,0,0,2,0,0,0,2,1,1,1,0,1,0,0,0,3
767,1,1,0,0,4,2,0,4,2,2,0,2,2,2,2,0,0,0,0,0,1,2,1,1,0,0,1,0,0,1,1
768,1,0,0,0,0,1,2,4,1,1,0,0,1,3,2,0,0,2,2,0,1,2,1,1,1,0,1,0,0,1,5
769,1,1,1,0,4,3,0,0,1,0,0,1,2,3,2,0,0,2,5,0,0,1,1,2,1,0,0,0,0,1,1
770,1,1,0,0,4,2,4,4,0,1,0,1,1,0,3,0,0,1,1,1,0,2,2,1,0,1,1,0,0,2,3
771,1,0,0,0,3,2,0,4,2,1,0,1,1,3,3,0,0,1,0,0,1,2,0,1,1,1,0,1,0,1,6
772,0,0,0,1,3,2,2,4,1,2,0,1,1,3,3,0,0,2,0,0,1,1,1,0,0,0,1,0,0,1,1
773,1,1,0,2,2,4,0,3,0,1,0,1,1,3,3,0,0,1,1,1,1,2,0,1,1,0,1,0,0,1,6
774,1,1,0,1,3,2,0,4,4,1,0,0,1,3,2,0,0,1,5,1,1,2,2,1,1,1,1,1,0,2,4
775,1,0,1,2,3,2,2,4,2,3,0,2,2,3,3,0,0,1,1,0,0,2,1,1,1,0,0,0,0,0,3
776,0,0,0,2,4,3,2,3,1,1,0,2,2,3,3,0,0,1,1,1,0,2,1,2,1,0,0,2,0,1,4
777,1,0,0,1,4,4,0,2,2,1,0,0,1,2,1,0,0,0,0,0,0,1,1,1,1,0,0,0,0,1,2
778,0,1,0,2,3,3,3,3,2,1,1,1,1,3,3,0,0,1,0,0,0,2,2,1,0,0,0,0,0,1,5
779,1,0,0,2,2,2,3,4,4,3,0,2,2,3,2,0,0,0,3,0,0,2,1,2,2,1,0,3,1,1,6
780,1,1,0,2,3,3,2,3,3,0,0,1,1,3,2,0,0,2,1,0,0,2,1,1,1,0,0,0,0,1,4
781,1,0,0,0,0,0,2,4,0,1,0,0,1,3,2,1,0,1,1,1,1,2,1,1,1,0,0,1,1,1,5
782,0,1,0,1,1,1,2,4,1,1,0,1,1,3,1,0,0,1,0,0,0,1,1,1,0,1,0,2,0,0,4
783,2,0,2,2,2,1,4,4,2,1,0,2,2,2,2,0,0,0,0,0,0,2,1,1,1,1,0,3,0,1,4
784,1,1,0,0,1,0,2,4,0,1,0,0,0,2,1,0,0,0,0,0,0,0,1,1,0,1,0,0,0,1,3
785,1,1,0,1,4,3,0,4,0,1,0,1,1,3,3,0,0,0,1,1,0,2,1,1,1,1,0,0,0,1,2
786,1,1,1,2,3,2,2,4,4,2,0,1,1,3,2,0,0,0,0,0,0,1,1,1,0,0,0,0,0,1,2
787,1,0,0,2,2,0,4,4,1,2,0,1,1,3,2,1,0,1,3,1,0,2,1,2,2,1,1,0,0,0,7
788,2,0,1,0,1,1,2,4,1,1,0,2,2,3,2,1,0,2,2,1,1,2,1,1,1,0,1,0,1,1,5
789,0,1,0,0,4,4,0,4,1,0,0,1,1,3,2,0,0,1,0,0,0,2,0,1,2,0,0,0,0,1,4
790,2,0,1,1,3,4,3,3,2,3,0,1,1,3,3,0,0,1,2,1,1,2,1,1,1,1,1,1,0,1,6
791,2,0,0,1,4,3,0,4,1,1,0,2,2,2,3,0,0,0,2,1,1,2,1,1,1,1,0,0,0,1,3
792,1,1,1,0,1,0,0,4,0,0,0,2,2,2,3,0,0,2,2,1,1,2,1,1,0,1,1,1,0,1,7
793,1,0,0,1,3,2,0,4,1,3,0,0,2,3,2,0,0,2,1,1,1,2,1,2,2,1,1,0,0,1,7
794,1,0,0,1,0,0,2,4,0,2,0,0,0,2,1,0,0,2,2,0,1,1,1,1,1,0,1,1,0,1,3
795,1,0,1,2,2,3,2,4,0,0,1,1,2,3,3,1,1,0,0,1,1,2,1,2,2,1,0,1,0,2,5
796,1,0,0,0,4,4,0,0,4,2,0,0,2,2,1,0,0,2,0,0,1,1,1,1,1,0,0,1,0,1,2
797,2,0,0,0,3,2,3,4,3,1,0,1,1,3,3,1,0,0,2,0,0,1,2,1,1,1,1,0,1,1,4
798,1,0,1,0,2,0,0,4,1,0,0,1,1,2,0,0,0,0,0,0,0,1,1,1,0,1,0,0,0,0,2
799,1,1,0,2,3,3,0,0,1,2,0,2,2,3,3,0,0,1,2,0,1,2,1,1,1,1,1,1,0,1,4
800,0,1,0,2,3,3,3,3,4,1,0,1,1,3,3,1,0,1,1,1,0,2,1,1,1,1,1,0,0,2,6
801,1,0,0,1,1,2,2,4,0,0,1,0,0,2,2,0,0,2,5,0,1,2,1,2,2,1,1,0,0,1,4
802,2,1,0,2,1,2,2,4,1,2,0,1,1,3,3,0,0,2,1,0,1,1,1,0,1,0,0,0,0,1,1
803,1,0,0,2,2,1,0,2,3,1,0,2,2,3,3,0,0,1,1,1,1,1,2,2,2,1,1,0,0,1,7
804,2,0,0,2,3,3,2,4,3,2,0,2,2,3,3,0,0,0,3,0,1,2,1,2,2,0,0,0,0,1,4
805,1,1,2,2,2,1,2,4,1,1,0,2,2,3,2,0,0,0,0,0,0,0,1,1,0,1,0,1,1,2,2
806,2,0,0,0,0,0,2,4,0,0,0,0,1,3,3,0,0,2,2,1,0,1,1,2,2,1,1,1,0,1,1
807,0,1,0,0,4,3,3,4,2,2,0,2,2,3,3,1,1,2,1,1,1,2,0,1,1,1,1,2,1,1,5
808,0,0,0,2,4,3,0,4,1,3,0,2,2,3,3,0,0,2,3,1,1,2,1,1,1,1,0,0,0,1,3
809,2,0,0,1,3,3,3,2,4,2,0,2,2,3,3,0,0,1,1,0,0,2,2,1,1,1,1,2,0,1,6
810,1,0,0,2,2,2,0,4,0,3,0,0,1,2,3,0,0,0,1,0,0,2,1,1,1,0,0,0,0,1,3
811,0,1,0,2,2,1,0,4,4,2,0,0,2,3,2,0,0,2,2,0,1,2,1,2,1,1,0,0,0,1,5
812,1,1,1,2,4,3,3,3,1,0,0,1,2,3,3,1,0,2,5,0,0,1,1,2,1,0,1,0,0,1,1
813,1,1,1,0,3,3,4,4,2,2,0,1,1,3,3,0,0,2,2,0,0,1,1,2,2,1,1,0,0,2,4
814,2,0,0,0,0,1,3,4,1,2,0,0,2,3,3,0,1,1,2,1,0,2,1,2,1,1,0,0,0,1,5
815,1,0,0,1,4,1,0,4,0,2,0,2,2,3,3,0,0,2,1,1,0,2,1,1,1,0,1,0,0,1,2
816,1,0,0,1,3,3,2,2,1,2,0,2,2,3,2,0,0,2,4,0,1,2,1,1,1,1,0,0,0,1,1
817,1,1,0,2,3,3,0,2,1,2,0,1,1,2,3,0,0,2,0,0,0,1,0,0,0,0,1,0,0,1,1
818,1,1,0,0,3,3,0,0,1,1,0,1,1,2,3,0,0,2,1,0,0,1,0,1,1,0,1,0,0,1,1
819,0,1,0,1,3,2,3,4,4,1,0,1,1,3,3,0,0,1,1,0,0,2,1,1,1,0,1,0,0,1,2
820,0,0,0,2,1,1,2,4,0,2,0,1,1,3,3,1,0,2,2,0,0,2,1,2,1,1,0,0,0,1,6
821,3,1,0,0,3,4,3,4,3,3,0,1,1,3,3,1,1,1,0,1,1,2,2,2,2,1,1,0,0,0,6
822,0,1,0,0,3,3,0,4,0,0,0,2,2,3,3,0,0,1,1,1,1,2,1,2,2,0,0,0,0,0,4
823,0,0,0,1,3,2,2,4,3,1,0,1,1,2,2,0,0,0,0,0,0,1,1,1,0,0,0,0,0,1,2
824,1,1,0,0,3,2,4,4,4,1,0,2,2,3,3,0,1,1,0,0,0,2,2,1,1,1,1,0,0,1,5
825,2,1,0,2,4,3,4,4,0,1,0,2,2,3,3,0,1,0,0,0,0,2,1,2,0,1,1,0,0,1,5
826,0,1,0,2,3,2,0,2,1,2,0,1,1,2,2,0,0,2,0,0,0,1,0,1,0,0,1,0,0,1,1
827,0,1,0,0,3,3,2,4,3,2,0,1,1,2,3,0,0,2,1,0,0,1,0,1,1,0,0,0,0,1,1
828,2,0,1,0,3,2,2,4,2,1,0,2,2,3,3,0,1,0,1,1,1,2,2,2,1,0,1,1,0,1,5
829,1,0,1,2,4,4,3,3,3,1,0,2,2,3,3,0,0,1,1,1,0,2,2,1,1,1,1,1,0,2,6
830,2,0,0,1,1,2,4,4,1,3,0,1,2,2,2,0,0,1,0,0,1,2,1,1,1,0,0,1,0,1,4
831,1,0,1,1,1,0,2,4,0,2,0,1,2,3,3,1,0,1,1,1,0,2,0,1,0,0,1,1,0,1,7
832,0,1,0,0,2,2,2,4,0,3,0,0,2,3,3,0,0,1,3,0,1,1,2,2,2,0,0,1,0,0,5
833,1,0,0,2,4,3,4,4,4,2,0,2,2,3,3,0,1,0,3,0,0,2,2,2,1,0,1,0,0,2,5
834,1,1,0,2,3,3,2,0,0,1,0,1,1,3,3,0,0,1,0,0,0,2,1,0,0,0,0,0,0,1,3
835,0,1,1,2,4,1,3,4,1,1,0,1,2,3,3,1,0,1,1,1,1,2,1,1,2,1,1,0,0,1,5
836,1,0,0,0,2,2,0,4,1,1,0,0,1,2,3,0,0,2,2,0,1,2,1,1,1,1,0,0,0,1,4
837,1,1,0,0,4,3,3,4,4,2,0,2,2,3,3,1,0,1,1,0,1,2,1,1,1,0,1,0,0,1,4
838,1,1,2,1,4,3,3,4,2,1,0,2,2,3,3,0,0,0,5,1,1,2,1,2,1,0,1,0,0,1,7
839,1,1,0,2,3,4,2,3,3,0,0,2,2,3,3,1,1,1,0,1,1,2,0,1,2,0,0,0,0,1,6
840,1,0,0,1,2,2,3,4,0,1,0,2,2,3,3,1,1,1,2,0,1,2,2,1,1,1,0,0,0,1,4
841,0,0,1,1,2,1,3,4,4,2,0,0,1,2,3,0,0,2,0,0,1,2,1,1,1,1,1,0,0,1,3
842,1,0,1,0,3,0,2,4,0,1,0,0,2,3,3,0,0,0,0,0,0,1,1,1,0,0,0,1,0,1,3
843,2,0,0,1,2,0,4,4,1,2,1,1,1,2,2,0,0,2,2,1,1,2,1,1,0,0,1,0,0,0,5
844,1,0,0,1,0,0,2,4,1,3,0,1,1,3,3,1,1,1,3,0,1,2,1,1,1,1,0,0,0,1,7
845,0,1,0,0,3,2,0,4,1,2,0,1,1,2,2,0,0,0,0,0,0,1,0,1,0,0,1,0,0,1,1
846,1,0,0,1,3,3,2,4,4,2,0,2,2,2,3,0,0,2,0,0,0,0,1,0,0,0,0,1,0,1,3
847,1,1,0,0,4,3,2,0,2,1,2,1,1,2,3,0,0,2,1,0,1,2,1,1,1,0,0,0,0,1,3
848,1,0,1,1,3,2,2,4,0,3,0,2,2,3,3,0,0,2,1,1,1,2,2,1,1,1,1,1,0,1,5
849,1,0,0,1,4,2,3,4,0,1,0,1,1,3,2,0,0,0,0,0,0,2,0,1,1,0,0,0,0,1,4
850,0,0,0,0,3,3,2,4,1,2,0,1,1,3,3,0,0,2,0,0,0,1,1,0,0,0,0,0,0,1,1
851,1,0,0,2,3,3,2,4,0,1,0,1,1,3,3,1,1,1,2,1,1,2,2,2,2,1,1,0,0,1,7
852,0,0,0,2,4,2,2,4,1,2,0,1,1,2,2,0,0,0,0,0,1,1,1,1,1,0,1,3,0,1,1
853,0,1,1,0,3,0,3,4,1,0,0,1,1,2,0,0,0,0,1,0,1,2,1,1,1,1,0,1,0,0,2
854,1,0,1,2,2,1,3,4,1,2,0,1,1,3,3,0,0,1,0,1,1,2,1,1,1,1,1,1,0,1,3
855,0,1,1,2,3,3,2,4,3,3,0,1,1,3,3,0,0,2,2,0,0,2,1,1,1,0,0,0,0,1,1
856,2,0,0,2,3,2,3,4,2,1,0,2,2,3,2,0,0,2,0,0,0,0,1,1,0,0,0,0,0,2,4
857,1,1,0,1,4,2,3,4,3,2,0,2,2,3,3,1,1,1,0,1,1,2,2,2,1,0,0,1,0,1,7
858,1,0,0,2,4,4,4,3,4,2,0,1,1,3,3,1,1,1,1,1,1,2,2,1,2,1,1,0,0,1,7
859,1,0,0,2,1,0,2,4,0,1,0,0,0,2,2,0,0,2,1,1,1,2,1,2,1,1,0,0,0,2,4
860,1,0,0,2,1,0,2,4,0,1,0,0,2,2,1,0,0,0,0,0,0,0,1,1,0,1,0,0,1,1,3
861,1,0,0,1,3,2,0,4,1,2,0,1,1,3,3,0,0,2,0,0,0,2,1,1,0,0,1,0,0,1,5
862,1,1,1,1,3,2,0,4,4,3,0,0,0,3,2,0,0,0,0,0,1,0,0,1,0,0,0,0,0,1,3
863,0,1,1,1,3,2,4,4,2,2,0,0,1,3,3,0,0,2,0,0,0,0,1,1,1,0,0,0,0,1,4
864,1,1,0,2,3,1,2,3,2,2,0,2,2,3,3,0,0,1,1,1,1,2,2,1,1,1,1,1,0,1,4
865,2,0,1,0,3,3,3,4,2,1,0,2,1,3,3,1,0,1,2,1,1,2,1,2,2,0,1,0,1,0,6
866,1,1,1,1,0,0,4,4,0,1,0,0,0,2,1,0,0,0,0,0,0,0,1,1,0,1,0,0,0,1,3
867,2,0,0,2,4,3,3,3,4,1,0,1,1,3,3,1,0,1,5,1,1,2,1,2,2,1,1,1,0,0,7
868,1,1,0,1,3,2,3,4,2,2,0,2,2,3,3,0,0,1,1,0,0,2,1,1,1,1,1,2,0,1,7
869,1,0,0,1,1,0,2,4,0,0,0,0,1,3,3,0,0,2,2,1,0,1,1,2,2,1,1,1,0,1,1
870,2,0,1,2,3,3,3,0,2,1,0,0,2,3,2,0,0,3,0,1,1,0,1,2,2,1,1,0,0,1,7
871,1,1,0,2,3,2,2,4,0,3,0,0,0,3,3,0,0,1,0,0,0,2,0,1,1,0,0,0,0,0,6
